date,open,high,low,close,volume,ticker,ticker_id
2019-02-11,6.92,7.06,6.51,6.92,19240,SZC,79
2019-02-12,7.09,7.09,6.74,6.98,6110,SZC,79
2019-02-13,6.66,6.98,6.6,6.6,12030,SZC,79
2019-02-14,6.63,6.92,6.63,6.92,44960,SZC,79
2019-02-15,6.98,6.98,6.83,6.95,710,SZC,79
2019-02-18,6.83,6.89,6.71,6.8,8130,SZC,79
2019-02-19,6.68,6.83,6.68,6.68,10110,SZC,79
2019-02-20,6.68,6.86,6.68,6.8,240,SZC,79
2019-02-21,6.63,6.86,6.63,6.8,11650,SZC,79
2019-02-22,6.51,6.77,6.51,6.6,4700,SZC,79
2019-02-25,6.83,6.83,6.57,6.66,6120,SZC,79
2019-02-26,6.6,6.74,6.57,6.63,26740,SZC,79
2019-02-27,6.63,6.63,6.6,6.6,9660,SZC,79
2019-02-28,6.57,6.57,6.45,6.45,28330,SZC,79
2019-03-01,6.63,6.63,6.51,6.6,6140,SZC,79
2019-03-04,6.57,6.6,6.51,6.6,34570,SZC,79
2019-03-05,6.6,6.68,6.45,6.68,56010,SZC,79
2019-03-06,6.57,6.86,6.57,6.74,33470,SZC,79
2019-03-07,6.6,7.21,6.6,7.21,267080,SZC,79
2019-03-08,7.41,7.61,7.41,7.5,111620,SZC,79
2019-03-11,7.5,8.02,7.5,8.02,278650,SZC,79
2019-03-12,8.2,8.57,8.14,8.57,641940,SZC,79
2019-03-13,8.72,8.72,8.25,8.6,142590,SZC,79
2019-03-14,8.49,8.72,8.34,8.66,135020,SZC,79
2019-03-15,8.66,8.78,8.43,8.55,267670,SZC,79
2019-03-18,8.57,8.6,8.25,8.43,182310,SZC,79
2019-03-19,8.31,8.52,8.31,8.49,134560,SZC,79
2019-03-20,8.55,8.95,8.37,8.95,220550,SZC,79
2019-03-21,9.07,9.56,8.95,9.56,561890,SZC,79
2019-03-22,9.53,10.23,9.53,10.17,594160,SZC,79
2019-03-25,10.17,10.17,9.48,9.48,305200,SZC,79
2019-03-26,8.84,9.24,8.84,8.89,268880,SZC,79
2019-03-27,8.75,9.5,8.75,9.5,154760,SZC,79
2019-03-28,9.53,9.53,9.13,9.18,146440,SZC,79
2019-03-29,8.95,9.53,8.95,9.42,75910,SZC,79
2019-04-01,9.42,9.74,9.18,9.71,123850,SZC,79
2019-04-02,10.11,10.11,9.48,9.56,93040,SZC,79
2019-04-03,9.36,9.68,9.36,9.36,46680,SZC,79
2019-04-04,9.36,9.77,9.36,9.53,151510,SZC,79
2019-04-05,9.53,9.65,9.42,9.45,81910,SZC,79
2019-04-08,9.45,9.77,9.3,9.42,86590,SZC,79
2019-04-09,9.36,9.42,9.16,9.16,80070,SZC,79
2019-04-10,9.36,9.42,8.92,9.3,55540,SZC,79
2019-04-11,9.07,9.3,9.01,9.04,31730,SZC,79
2019-04-12,8.92,9.24,8.78,9.07,99700,SZC,79
2019-04-16,9.13,9.18,8.72,8.86,20500,SZC,79
2019-04-17,8.75,8.95,8.72,8.72,131610,SZC,79
2019-04-18,8.72,8.72,8.49,8.49,109570,SZC,79
2019-04-19,8.66,8.72,8.43,8.66,42830,SZC,79
2019-04-22,8.43,8.72,8.43,8.49,71150,SZC,79
2019-04-23,8.46,8.66,8.46,8.49,70640,SZC,79
2019-04-24,8.49,8.72,8.49,8.52,74430,SZC,79
2019-04-25,8.52,9.1,8.52,8.72,174610,SZC,79
2019-04-26,8.95,9.07,8.72,8.81,7330,SZC,79
2019-05-02,8.81,9.24,8.72,9.04,109090,SZC,79
2019-05-03,9.18,9.18,8.78,8.95,75440,SZC,79
2019-05-06,8.95,8.95,8.6,8.84,56300,SZC,79
2019-05-07,8.72,8.95,8.69,8.95,84600,SZC,79
2019-05-08,8.86,8.95,8.78,8.95,17710,SZC,79
2019-05-09,8.95,8.95,8.72,8.72,34800,SZC,79
2019-05-10,8.52,8.78,8.52,8.75,121480,SZC,79
2019-05-13,8.75,9.3,8.6,9.27,187140,SZC,79
2019-05-14,9.27,9.79,8.98,9.74,521800,SZC,79
2019-05-15,9.59,9.85,9.48,9.71,193830,SZC,79
2019-05-16,9.71,10.17,9.65,9.71,410160,SZC,79
2019-05-17,9.59,9.79,9.5,9.56,220960,SZC,79
2019-05-20,9.48,10.23,9.48,10.23,883300,SZC,79
2019-05-21,10.23,10.7,10.23,10.35,373120,SZC,79
2019-05-22,10.35,10.64,10.35,10.41,375670,SZC,79
2019-05-23,10.23,10.43,10.2,10.23,395790,SZC,79
2019-05-24,10.2,10.87,10.17,10.64,623620,SZC,79
2019-05-27,10.64,11.16,10.64,11.16,308580,SZC,79
2019-05-28,11.28,11.63,11.16,11.48,504660,SZC,79
2019-05-29,11.39,11.39,11.13,11.25,272840,SZC,79
2019-05-30,11.1,11.22,10.87,10.93,365660,SZC,79
2019-05-31,10.87,11.28,10.58,10.58,369550,SZC,79
2019-06-03,10.58,10.99,10.46,10.58,175170,SZC,79
2019-06-04,10.84,10.93,10.64,10.93,160300,SZC,79
2019-06-05,11.1,11.51,10.96,10.96,293910,SZC,79
2019-06-06,10.96,11.34,10.96,11.16,243990,SZC,79
2019-06-07,11.19,11.92,11.19,11.92,1007580,SZC,79
2019-06-10,12.15,12.44,11.86,12.18,346910,SZC,79
2019-06-11,12.32,12.5,11.92,12.09,328710,SZC,79
2019-06-12,12.09,12.15,11.51,11.51,356370,SZC,79
2019-06-13,11.6,12.03,11.57,11.74,287650,SZC,79
2019-06-14,11.95,11.95,11.22,11.22,372210,SZC,79
2019-06-17,11.22,11.51,11.13,11.22,197970,SZC,79
2019-06-18,11.16,11.57,11.16,11.51,230990,SZC,79
2019-06-19,11.51,11.8,11.45,11.8,161740,SZC,79
2019-06-20,11.8,11.86,11.51,11.51,255020,SZC,79
2019-06-21,11.42,11.68,11.42,11.42,154830,SZC,79
2019-06-24,11.34,11.57,11.34,11.39,165280,SZC,79
2019-06-25,11.45,11.54,11.04,11.04,245610,SZC,79
2019-06-26,11.04,11.04,10.64,10.81,516810,SZC,79
2019-06-27,10.87,10.99,10.72,10.81,111790,SZC,79
2019-06-28,10.81,10.84,10.52,10.64,182890,SZC,79
2019-07-01,10.87,11.28,10.75,11.16,181060,SZC,79
2019-07-02,11.28,11.31,11.02,11.13,238240,SZC,79
2019-07-03,11.13,11.22,11.02,11.13,127700,SZC,79
2019-07-04,11.13,11.89,11.13,11.89,701070,SZC,79
2019-07-05,12.21,12.27,11.95,12.21,741210,SZC,79
2019-07-08,12.21,12.41,12.09,12.21,390280,SZC,79
2019-07-09,12.15,12.27,12.0,12.27,323330,SZC,79
2019-07-10,12.38,13.11,12.38,13.11,649580,SZC,79
2019-07-11,13.37,13.43,12.85,13.08,382990,SZC,79
2019-07-12,13.25,13.69,12.9,13.08,344230,SZC,79
2019-07-15,13.14,13.54,13.08,13.08,454610,SZC,79
2019-07-16,13.14,13.34,12.61,12.61,378030,SZC,79
2019-07-17,12.61,12.85,12.38,12.59,185740,SZC,79
2019-07-18,12.35,12.79,12.35,12.73,178530,SZC,79
2019-07-19,12.5,13.05,12.44,12.79,279030,SZC,79
2019-07-22,13.02,13.37,12.67,13.28,280430,SZC,79
2019-07-23,13.37,13.78,13.28,13.31,451420,SZC,79
2019-07-24,13.37,13.49,12.73,12.99,486280,SZC,79
2019-07-25,12.99,13.08,12.56,12.79,228620,SZC,79
2019-07-26,12.76,13.37,12.67,13.05,336050,SZC,79
2019-07-29,13.17,13.49,13.11,13.37,583590,SZC,79
2019-07-30,13.37,13.54,13.08,13.08,402380,SZC,79
2019-07-31,13.2,13.37,13.14,13.25,204960,SZC,79
2019-08-01,13.14,14.15,13.14,14.15,1236520,SZC,79
2019-08-02,14.42,14.59,14.24,14.47,747950,SZC,79
2019-08-05,14.47,15.08,14.15,15.08,705760,SZC,79
2019-08-06,14.53,16.1,14.53,15.38,976630,SZC,79
2019-08-07,15.38,15.81,14.59,14.82,694890,SZC,79
2019-08-08,14.82,15.08,14.47,14.65,632370,SZC,79
2019-08-09,14.65,14.88,14.56,14.71,307110,SZC,79
2019-08-12,14.71,15.06,14.56,14.71,445620,SZC,79
2019-08-13,14.65,14.82,13.69,13.89,1116880,SZC,79
2019-08-14,13.89,14.36,13.83,13.89,213010,SZC,79
2019-08-15,13.66,14.13,13.25,14.1,473350,SZC,79
2019-08-16,14.37,14.49,14.19,14.19,424650,SZC,79
2019-08-19,14.19,14.49,14.13,14.31,230620,SZC,79
2019-08-20,14.31,15.09,14.25,15.09,1063710,SZC,79
2019-08-21,15.12,15.33,14.73,14.73,483160,SZC,79
2019-08-22,14.73,14.97,14.7,14.7,270850,SZC,79
2019-08-23,14.7,14.91,14.49,14.55,290990,SZC,79
2019-08-26,14.79,14.88,14.43,14.43,413740,SZC,79
2019-08-27,14.61,14.73,14.01,14.01,561370,SZC,79
2019-08-28,13.89,14.13,13.83,13.83,369730,SZC,79
2019-08-29,13.77,13.95,13.22,13.41,419740,SZC,79
2019-08-30,13.5,13.5,13.1,13.1,467360,SZC,79
2019-09-03,12.8,12.92,12.2,12.2,514610,SZC,79
2019-09-04,11.72,12.2,11.48,12.2,512630,SZC,79
2019-09-05,12.38,12.68,12.32,12.32,113390,SZC,79
2019-09-06,12.02,12.44,11.9,11.9,87960,SZC,79
2019-09-09,11.72,11.72,11.18,11.18,356620,SZC,79
2019-09-10,11.18,11.24,10.46,10.46,561260,SZC,79
2019-09-11,10.4,10.91,10.4,10.88,315750,SZC,79
2019-09-12,11.12,11.3,10.91,11.09,116680,SZC,79
2019-09-13,11.09,11.12,10.52,10.94,348450,SZC,79
2019-09-16,10.94,10.97,10.76,10.76,144610,SZC,79
2019-09-17,10.76,11.51,10.7,11.51,321190,SZC,79
2019-09-18,11.51,12.17,11.51,11.66,243010,SZC,79
2019-09-19,11.66,11.78,11.48,11.78,153530,SZC,79
2019-09-20,11.78,11.78,11.42,11.54,183980,SZC,79
2019-09-23,11.54,11.54,11.24,11.27,96980,SZC,79
2019-09-24,11.06,11.27,10.82,10.82,244560,SZC,79
2019-09-25,10.67,11.3,10.67,11.24,153340,SZC,79
2019-09-26,11.36,11.36,11.18,11.18,54250,SZC,79
2019-09-27,11.27,11.3,11.12,11.24,91060,SZC,79
2019-09-30,11.0,11.24,11.0,11.0,119220,SZC,79
2019-10-01,11.3,11.36,11.09,11.12,117760,SZC,79
2019-10-02,11.18,11.42,11.12,11.24,143700,SZC,79
2019-10-03,11.0,11.36,10.94,11.36,60330,SZC,79
2019-10-04,11.42,11.42,11.18,11.21,111140,SZC,79
2019-10-07,11.18,11.18,10.94,11.0,94440,SZC,79
2019-10-08,10.82,11.06,10.7,10.82,165920,SZC,79
2019-10-09,10.88,10.94,10.7,10.7,183110,SZC,79
2019-10-10,10.94,11.0,10.7,10.82,125970,SZC,79
2019-10-11,10.7,10.97,10.7,10.85,39400,SZC,79
2019-10-14,10.91,10.94,10.31,10.4,135830,SZC,79
2019-10-15,10.4,10.64,10.1,10.4,296720,SZC,79
2019-10-16,10.4,10.64,10.04,10.1,188660,SZC,79
2019-10-17,10.1,10.19,10.07,10.1,114890,SZC,79
2019-10-18,10.43,10.79,10.43,10.79,360490,SZC,79
2019-10-21,11.24,11.3,10.94,11.0,212920,SZC,79
2019-10-22,11.0,11.03,10.82,10.82,123680,SZC,79
2019-10-23,10.76,11.36,10.7,11.27,256130,SZC,79
2019-10-24,11.27,11.42,10.94,11.18,117930,SZC,79
2019-10-25,11.24,11.33,11.15,11.18,96680,SZC,79
2019-10-28,11.24,11.24,10.91,10.94,160350,SZC,79
2019-10-29,10.94,10.97,10.58,10.64,222120,SZC,79
2019-10-30,10.76,11.0,10.58,10.82,161260,SZC,79
2019-10-31,10.88,11.06,10.64,10.76,68360,SZC,79
2019-11-01,10.67,10.82,10.64,10.67,72960,SZC,79
2019-11-04,10.79,10.82,10.49,10.52,194560,SZC,79
2019-11-05,10.7,10.7,10.28,10.46,90710,SZC,79
2019-11-06,10.22,10.82,10.22,10.49,143500,SZC,79
2019-11-07,10.55,10.82,10.52,10.58,87030,SZC,79
2019-11-08,10.61,10.73,10.55,10.64,94890,SZC,79
2019-11-11,10.58,10.64,10.46,10.46,66530,SZC,79
2019-11-12,10.46,10.52,10.37,10.52,104130,SZC,79
2019-11-13,10.67,10.67,10.34,10.4,75890,SZC,79
2019-11-14,10.4,10.46,10.31,10.4,84450,SZC,79
2019-11-15,10.28,10.4,10.25,10.25,102430,SZC,79
2019-11-18,10.4,10.4,10.22,10.25,86720,SZC,79
2019-11-19,10.25,10.49,10.22,10.43,104450,SZC,79
2019-11-20,10.49,10.94,10.34,10.91,317730,SZC,79
2019-11-21,10.91,11.36,10.76,10.97,608260,SZC,79
2019-11-22,11.12,11.12,10.34,10.52,271480,SZC,79
2019-11-25,10.4,10.58,10.34,10.43,33960,SZC,79
2019-11-26,10.46,10.46,10.37,10.46,99710,SZC,79
2019-11-27,10.46,10.58,10.31,10.46,100850,SZC,79
2019-11-28,10.52,10.52,10.31,10.4,122990,SZC,79
2019-11-29,10.46,10.46,10.28,10.28,85900,SZC,79
2019-12-02,10.37,10.37,9.62,9.92,362930,SZC,79
2019-12-03,9.8,9.98,9.62,9.86,107990,SZC,79
2019-12-04,9.8,9.98,9.65,9.92,58690,SZC,79
2019-12-05,10.07,10.22,9.89,9.89,74150,SZC,79
2019-12-06,9.89,9.95,9.8,9.8,52190,SZC,79
2019-12-09,9.77,9.98,9.74,9.83,88530,SZC,79
2019-12-10,9.92,9.92,9.77,9.86,29920,SZC,79
2019-12-11,9.8,9.98,9.8,9.86,54800,SZC,79
2019-12-12,9.86,10.28,9.77,10.16,125370,SZC,79
2019-12-13,10.28,10.28,10.1,10.22,57850,SZC,79
2019-12-16,10.28,10.28,9.98,9.98,45560,SZC,79
2019-12-17,9.98,10.4,9.86,9.98,231790,SZC,79
2019-12-18,9.92,10.16,9.92,10.04,29410,SZC,79
2019-12-19,10.04,10.22,10.04,10.07,113910,SZC,79
2019-12-20,10.07,10.28,9.86,9.98,60080,SZC,79
2019-12-23,9.98,10.1,9.98,10.04,45750,SZC,79
2019-12-24,10.04,10.73,9.98,10.73,278600,SZC,79
2019-12-25,10.88,11.03,10.55,10.88,351420,SZC,79
2019-12-26,11.03,11.06,10.7,10.88,249200,SZC,79
2019-12-27,10.76,11.0,10.7,10.88,266690,SZC,79
2019-12-30,10.94,11.0,10.52,10.52,359200,SZC,79
2019-12-31,10.46,10.7,10.22,10.64,210020,SZC,79
2020-01-02,10.55,10.94,10.55,10.82,165900,SZC,79
2020-01-03,10.82,11.36,10.67,11.09,750030,SZC,79
2020-01-06,11.06,11.06,10.58,10.76,360360,SZC,79
2020-01-07,10.76,10.94,10.46,10.76,295630,SZC,79
2020-01-08,10.52,10.58,10.04,10.13,482480,SZC,79
2020-01-09,10.22,10.4,10.04,10.04,276620,SZC,79
2020-01-10,10.22,10.28,9.65,9.71,354110,SZC,79
2020-01-13,9.71,9.77,9.14,9.32,271350,SZC,79
2020-01-14,9.32,9.62,9.32,9.62,108490,SZC,79
2020-01-15,9.56,9.62,9.41,9.41,50600,SZC,79
2020-01-16,9.56,9.59,9.23,9.23,133780,SZC,79
2020-01-17,9.2,9.56,9.2,9.44,90430,SZC,79
2020-01-20,9.62,9.62,9.26,9.44,101560,SZC,79
2020-01-21,9.32,9.59,9.32,9.5,78060,SZC,79
2020-01-22,9.5,9.65,9.38,9.65,71950,SZC,79
2020-01-30,9.35,9.59,9.32,9.38,62050,SZC,79
2020-01-31,9.29,9.38,8.78,8.84,122410,SZC,79
2020-02-03,8.3,8.72,8.24,8.42,396390,SZC,79
2020-02-04,8.42,8.6,8.42,8.6,129770,SZC,79
2020-02-05,8.54,9.2,8.54,8.9,149510,SZC,79
2020-02-06,9.38,9.38,9.02,9.35,167030,SZC,79
2020-02-07,9.53,9.53,9.14,9.32,41520,SZC,79
2020-02-10,9.14,9.26,9.08,9.26,53300,SZC,79
2020-02-11,9.29,9.47,9.14,9.38,170210,SZC,79
2020-02-12,9.62,10.01,9.5,10.01,336460,SZC,79
2020-02-13,10.22,10.4,10.16,10.28,414530,SZC,79
2020-02-14,10.34,10.34,10.1,10.16,122330,SZC,79
2020-02-17,10.16,10.73,10.1,10.58,258130,SZC,79
2020-02-18,10.64,11.0,10.52,10.76,430240,SZC,79
2020-02-19,10.7,11.03,10.7,10.88,529310,SZC,79
2020-02-20,11.06,11.06,10.67,10.82,270790,SZC,79
2020-02-21,10.82,10.82,10.55,10.58,169150,SZC,79
2020-02-24,10.28,10.4,9.86,9.86,554700,SZC,79
2020-02-25,9.62,10.37,9.53,10.34,427900,SZC,79
2020-02-26,9.92,10.31,9.92,10.22,92610,SZC,79
2020-02-27,10.31,10.58,10.22,10.55,224770,SZC,79
2020-02-28,10.55,10.76,10.04,10.73,532740,SZC,79
2020-03-02,10.76,11.06,10.64,10.76,242530,SZC,79
2020-03-03,10.94,10.94,10.52,10.76,380310,SZC,79
2020-03-04,10.76,10.76,10.52,10.64,303040,SZC,79
2020-03-05,10.7,10.82,10.64,10.64,315830,SZC,79
2020-03-06,10.64,10.73,10.43,10.67,116470,SZC,79
2020-03-09,9.95,10.16,9.95,9.95,471760,SZC,79
2020-03-10,9.95,9.95,9.38,9.74,571650,SZC,79
2020-03-11,9.86,9.86,9.08,9.56,311780,SZC,79
2020-03-12,9.08,9.26,8.9,8.9,561630,SZC,79
2020-03-13,8.3,9.02,8.3,8.48,395690,SZC,79
2020-03-16,8.48,8.84,8.3,8.39,197440,SZC,79
2020-03-17,8.18,8.96,8.18,8.96,162570,SZC,79
2020-03-18,9.02,9.2,8.78,8.84,151800,SZC,79
2020-03-19,8.78,8.99,8.48,8.6,76080,SZC,79
2020-03-20,8.78,8.87,8.48,8.69,118560,SZC,79
2020-03-23,8.54,8.54,8.09,8.09,465030,SZC,79
2020-03-24,8.09,8.39,8.09,8.21,399890,SZC,79
2020-03-25,8.21,8.66,8.21,8.63,194710,SZC,79
2020-03-26,8.6,8.72,8.24,8.42,156890,SZC,79
2020-03-27,8.42,8.42,8.12,8.18,156750,SZC,79
2020-03-30,8.06,8.06,7.6,7.6,379630,SZC,79
2020-03-31,7.69,7.9,7.15,7.57,176980,SZC,79
2020-04-01,7.39,7.84,7.39,7.78,87570,SZC,79
2020-04-03,7.78,8.12,7.78,8.03,218510,SZC,79
2020-04-06,8.12,8.51,8.12,8.36,228990,SZC,79
2020-04-07,8.6,8.6,8.33,8.36,76750,SZC,79
2020-04-08,8.3,8.36,8.18,8.36,65460,SZC,79
2020-04-09,8.42,8.72,8.39,8.54,234170,SZC,79
2020-04-10,8.6,8.84,8.42,8.6,182530,SZC,79
2020-04-13,8.6,8.78,8.42,8.48,134300,SZC,79
2020-04-14,8.39,8.6,8.12,8.42,159560,SZC,79
2020-04-15,8.54,8.84,8.51,8.84,349720,SZC,79
2020-04-16,8.84,9.26,8.69,9.14,307450,SZC,79
2020-04-17,9.38,9.56,9.26,9.32,359660,SZC,79
2020-04-20,9.95,9.95,9.83,9.95,962840,SZC,79
2020-04-21,9.95,10.49,9.5,9.62,737770,SZC,79
2020-04-22,9.5,10.04,9.5,10.01,399940,SZC,79
2020-04-23,10.34,10.34,9.74,9.8,229600,SZC,79
2020-04-24,9.8,9.98,9.62,9.98,232110,SZC,79
2020-04-27,10.4,10.67,10.19,10.67,2207750,SZC,79
2020-04-28,11.0,11.03,10.58,10.7,491330,SZC,79
2020-04-29,10.7,11.06,10.67,10.82,514170,SZC,79
2020-05-04,10.52,10.82,10.46,10.49,601610,SZC,79
2020-05-05,10.58,10.94,10.4,10.82,522250,SZC,79
2020-05-06,10.88,11.57,10.88,11.57,1835550,SZC,79
2020-05-07,11.6,11.78,11.36,11.51,668540,SZC,79
2020-05-08,11.48,11.72,11.3,11.3,951950,SZC,79
2020-05-11,11.27,11.87,11.18,11.48,1065140,SZC,79
2020-05-12,11.48,11.93,11.33,11.72,995290,SZC,79
2020-05-13,11.72,11.93,11.42,11.48,1181530,SZC,79
2020-05-14,11.3,11.51,10.97,10.97,1605030,SZC,79
2020-05-15,10.88,11.21,10.67,10.85,1052180,SZC,79
2020-05-18,10.88,11.24,10.82,11.24,770990,SZC,79
2020-05-19,11.42,11.54,11.24,11.24,1064760,SZC,79
2020-05-20,11.24,11.42,11.09,11.42,595200,SZC,79
2020-05-21,11.54,11.78,11.3,11.42,1336290,SZC,79
2020-05-22,11.42,11.48,11.18,11.33,878530,SZC,79
2020-05-25,11.33,12.11,11.3,12.11,4346420,SZC,79
2020-05-26,12.92,12.92,12.44,12.62,2052830,SZC,79
2020-05-27,12.62,12.68,12.08,12.08,1677730,SZC,79
2020-05-28,12.08,12.59,11.66,12.32,2368910,SZC,79
2020-05-29,12.32,12.86,12.2,12.74,1282510,SZC,79
2020-06-01,13.04,13.53,13.04,13.44,1469570,SZC,79
2020-06-02,13.44,13.47,12.62,12.62,2343230,SZC,79
2020-06-03,12.62,13.38,12.56,13.22,1692480,SZC,79
2020-06-04,13.47,13.47,12.68,12.74,1577010,SZC,79
2020-06-05,12.74,13.04,12.56,13.01,1263050,SZC,79
2020-06-08,13.1,13.25,12.83,13.01,1734330,SZC,79
2020-06-09,12.95,13.47,12.83,13.16,1822080,SZC,79
2020-06-10,13.13,13.47,12.83,13.22,1574060,SZC,79
2020-06-11,13.35,13.38,12.32,12.32,1857260,SZC,79
2020-06-12,11.48,12.02,11.48,12.02,1889800,SZC,79
2020-06-15,12.02,12.02,11.21,11.21,1168850,SZC,79
2020-06-16,11.51,11.72,11.42,11.69,662710,SZC,79
2020-06-17,11.78,11.99,11.66,11.93,543700,SZC,79
2020-06-18,11.78,12.5,11.63,12.29,1168880,SZC,79
2020-06-19,12.32,12.59,12.32,12.44,579010,SZC,79
2020-06-22,12.35,12.53,12.2,12.35,691320,SZC,79
2020-06-23,12.23,12.5,11.9,12.26,977000,SZC,79
2020-06-24,12.2,12.38,11.66,11.9,831600,SZC,79
2020-06-25,11.6,11.87,11.6,11.78,674080,SZC,79
2020-06-26,11.9,11.96,11.63,11.81,343690,SZC,79
2020-06-29,11.66,11.66,11.24,11.33,729730,SZC,79
2020-06-30,11.42,11.54,10.55,11.06,779690,SZC,79
2020-07-01,11.12,11.81,11.0,11.81,646720,SZC,79
2020-07-02,11.78,11.9,11.6,11.6,278980,SZC,79
2020-07-03,11.72,11.87,11.57,11.63,284290,SZC,79
2020-07-06,11.72,11.84,11.6,11.72,300780,SZC,79
2020-07-07,11.81,12.08,11.81,11.84,771130,SZC,79
2020-07-08,11.78,12.05,11.78,11.96,675820,SZC,79
2020-07-09,12.02,12.38,12.02,12.29,808180,SZC,79
2020-07-10,12.29,12.5,12.14,12.26,877370,SZC,79
2020-07-13,12.5,12.5,12.02,12.14,595500,SZC,79
2020-07-14,12.2,12.26,12.08,12.17,530540,SZC,79
2020-07-15,12.32,12.5,12.17,12.35,545910,SZC,79
2020-07-16,12.35,12.5,12.23,12.32,336260,SZC,79
2020-07-17,12.35,12.89,12.35,12.8,1633730,SZC,79
2020-07-20,13.35,13.68,13.22,13.47,3357980,SZC,79
2020-07-21,13.47,13.92,13.25,13.83,2148000,SZC,79
2020-07-22,13.89,14.13,13.53,13.59,1423990,SZC,79
2020-07-23,13.59,14.19,13.35,14.19,1711410,SZC,79
2020-07-24,14.13,14.67,13.19,13.71,3074120,SZC,79
2020-07-27,13.22,14.13,12.98,12.98,2505830,SZC,79
2020-07-28,13.35,13.89,13.1,13.89,1795190,SZC,79
2020-07-29,13.83,14.85,13.59,14.85,3470290,SZC,79
2020-07-30,15.15,15.42,14.79,14.85,1932120,SZC,79
2020-07-31,14.43,15.03,14.4,14.58,1222540,SZC,79
2020-08-03,14.58,15.57,14.55,15.51,2458950,SZC,79
2020-08-04,15.63,16.11,15.12,15.36,1876970,SZC,79
2020-08-05,15.33,15.87,15.12,15.54,1266930,SZC,79
2020-08-06,15.45,16.41,15.27,16.11,2767230,SZC,79
2020-08-07,16.05,16.32,15.87,16.11,1298990,SZC,79
2020-08-10,16.17,17.13,16.11,16.41,1960140,SZC,79
2020-08-11,16.65,16.74,15.66,15.93,3555920,SZC,79
2020-08-12,15.87,16.29,15.66,16.17,1389540,SZC,79
2020-08-13,16.83,16.83,16.14,16.83,1614400,SZC,79
2020-08-14,16.83,17.04,16.35,16.56,2033900,SZC,79
2020-08-17,16.56,17.07,16.29,16.74,1303680,SZC,79
2020-08-18,16.77,17.01,16.53,16.77,964150,SZC,79
2020-08-19,16.77,16.89,16.62,16.74,1361070,SZC,79
2020-08-20,16.74,16.74,16.17,16.29,2248010,SZC,79
2020-08-21,16.41,16.56,16.29,16.47,1215220,SZC,79
2020-08-24,16.65,16.95,16.5,16.71,1584120,SZC,79
2020-08-25,16.62,16.95,16.53,16.68,1591290,SZC,79
2020-08-26,16.65,17.52,16.47,17.13,3303430,SZC,79
2020-08-27,17.51,17.51,17.19,17.23,1471870,SZC,79
2020-08-28,17.19,17.44,16.98,16.98,1485300,SZC,79
2020-08-31,16.79,16.79,15.82,16.17,3624570,SZC,79
2020-09-01,16.07,16.6,16.07,16.45,688880,SZC,79
2020-09-03,16.76,16.76,16.29,16.45,1036590,SZC,79
2020-09-04,15.95,16.7,15.95,16.51,1197840,SZC,79
2020-09-07,16.51,16.63,16.07,16.07,1083620,SZC,79
2020-09-08,16.2,16.32,16.01,16.23,711970,SZC,79
2020-09-09,16.01,16.63,15.98,16.42,1294810,SZC,79
2020-09-10,16.82,17.44,16.82,17.26,3154650,SZC,79
2020-09-11,17.26,17.26,16.98,17.13,839390,SZC,79
2020-09-14,16.82,17.1,16.82,16.95,1690640,SZC,79
2020-09-15,16.82,17.44,16.76,17.07,1729250,SZC,79
2020-09-16,17.19,17.32,16.82,16.95,940110,SZC,79
2020-09-17,17.07,17.23,16.91,16.98,1062990,SZC,79
2020-09-18,16.98,17.1,16.85,16.98,851820,SZC,79
2020-09-21,17.07,17.13,16.88,16.88,1311870,SZC,79
2020-09-22,16.7,16.88,16.45,16.57,1905190,SZC,79
2020-09-23,16.57,16.76,16.32,16.73,804240,SZC,79
2020-09-24,16.73,17.01,16.7,16.76,631230,SZC,79
2020-09-25,16.76,16.88,16.54,16.57,731590,SZC,79
2020-09-28,16.57,16.7,16.35,16.45,998290,SZC,79
2020-09-29,16.45,16.51,16.01,16.14,1760780,SZC,79
2020-09-30,16.14,16.54,15.92,16.42,1220270,SZC,79
2020-10-01,16.48,16.7,16.38,16.48,719060,SZC,79
2020-10-02,16.45,16.51,15.89,16.32,1269250,SZC,79
2020-10-05,16.32,17.32,16.29,17.32,3102060,SZC,79
2020-10-06,17.44,17.48,17.13,17.19,1562460,SZC,79
2020-10-07,17.16,17.44,17.01,17.01,1635170,SZC,79
2020-10-08,17.1,17.16,16.63,16.7,1668490,SZC,79
2020-10-09,16.82,16.95,16.63,16.79,605080,SZC,79
2020-10-12,16.95,16.98,16.54,16.54,1168990,SZC,79
2020-10-13,16.51,16.57,16.23,16.32,848610,SZC,79
2020-10-14,16.45,16.76,16.29,16.45,698230,SZC,79
2020-10-15,16.45,16.45,16.32,16.32,667210,SZC,79
2020-10-16,16.26,16.35,15.89,15.89,1540720,SZC,79
2020-10-19,15.89,15.89,15.26,15.26,1887280,SZC,79
2020-10-20,15.01,15.23,14.8,15.08,1172360,SZC,79
2020-10-21,15.08,15.7,15.01,15.33,1034960,SZC,79
2020-10-22,15.26,15.26,15.08,15.14,441530,SZC,79
2020-10-23,15.17,15.17,15.01,15.01,613590,SZC,79
2020-10-26,15.01,15.29,14.95,15.08,915550,SZC,79
2020-10-27,14.95,15.17,14.89,14.89,794090,SZC,79
2020-10-28,14.67,14.83,14.08,14.27,1093040,SZC,79
2020-10-29,13.77,14.64,13.77,14.27,1048780,SZC,79
2020-10-30,14.45,14.61,14.27,14.48,497020,SZC,79
2020-11-02,14.64,14.64,14.39,14.42,317450,SZC,79
2020-11-03,14.52,15.08,14.42,15.01,753740,SZC,79
2020-11-04,15.01,16.04,15.01,16.04,1707750,SZC,79
2020-11-05,15.89,16.17,15.45,15.51,1160660,SZC,79
2020-11-06,15.42,16.01,15.42,15.7,732500,SZC,79
2020-11-09,15.79,15.89,15.64,15.79,923140,SZC,79
2020-11-10,15.95,16.51,15.76,16.14,1560770,SZC,79
2020-11-11,16.14,16.45,16.01,16.32,1082800,SZC,79
2020-11-12,16.32,16.42,16.23,16.35,503040,SZC,79
2020-11-13,16.38,16.6,16.23,16.48,926190,SZC,79
2020-11-16,16.42,16.51,15.95,16.1,1085540,SZC,79
2020-11-17,16.17,16.45,16.1,16.42,801230,SZC,79
2020-11-18,16.45,17.32,16.35,17.26,2200930,SZC,79
2020-11-19,17.26,17.66,17.04,17.13,1587480,SZC,79
2020-11-20,17.13,17.69,16.82,17.57,1388480,SZC,79
2020-11-23,17.57,17.76,17.35,17.57,1193270,SZC,79
2020-11-24,17.6,17.63,17.13,17.38,1589960,SZC,79
2020-11-25,17.44,18.57,17.19,18.19,2629930,SZC,79
2020-11-26,18.22,18.66,18.13,18.38,1086680,SZC,79
2020-11-27,18.38,18.5,18.16,18.19,759450,SZC,79
2020-11-30,18.35,18.35,17.88,17.88,1090640,SZC,79
2020-12-01,17.44,18.41,17.38,18.16,1780510,SZC,79
2020-12-02,18.32,18.94,18.07,18.69,1624980,SZC,79
2020-12-03,18.63,19.03,18.6,18.69,788960,SZC,79
2020-12-04,18.72,18.91,18.32,18.41,972200,SZC,79
2020-12-07,18.35,18.63,18.32,18.41,867690,SZC,79
2020-12-08,18.47,18.69,18.19,18.44,844910,SZC,79
2020-12-09,18.57,18.97,18.41,18.44,906050,SZC,79
2020-12-10,18.44,18.57,17.94,17.94,1616470,SZC,79
2020-12-11,18.0,18.13,17.66,18.0,1190660,SZC,79
2020-12-14,18.07,18.57,18.04,18.5,994820,SZC,79
2020-12-15,18.44,19.75,18.32,19.5,2952380,SZC,79
2020-12-16,19.38,20.0,19.31,19.5,1038490,SZC,79
2020-12-17,19.5,19.94,19.19,19.44,1065140,SZC,79
2020-12-18,19.41,20.25,19.28,20.12,1787730,SZC,79
2020-12-21,20.12,21.03,20.0,20.31,1404260,SZC,79
2020-12-22,20.31,21.06,20.25,20.87,1205730,SZC,79
2020-12-23,20.87,21.0,19.44,19.94,1228790,SZC,79
2020-12-24,19.94,19.94,18.57,19.34,1953090,SZC,79
2020-12-25,19.28,20.06,18.57,20.06,1392730,SZC,79
2020-12-28,20.12,20.56,19.94,20.4,1176450,SZC,79
2020-12-29,20.25,20.43,19.97,20.31,910290,SZC,79
2020-12-30,20.31,20.31,19.81,19.94,1466940,SZC,79
2020-12-31,19.84,20.06,19.69,19.94,1167140,SZC,79
2021-01-04,20.43,21.31,20.25,21.31,1962000,SZC,79
2021-01-05,21.31,22.74,21.31,22.74,1950200,SZC,79
2021-01-06,23.67,23.67,22.8,23.05,1532800,SZC,79
2021-01-07,23.11,23.33,22.74,23.18,1247700,SZC,79
2021-01-08,23.18,23.67,23.05,23.33,904800,SZC,79
2021-01-11,23.42,24.92,23.02,24.55,1137300,SZC,79
2021-01-12,24.48,24.55,23.64,24.55,592700,SZC,79
2021-01-13,24.55,24.8,24.23,24.42,928500,SZC,79
2021-01-14,24.42,24.61,23.99,24.55,728500,SZC,79
2021-01-15,24.67,26.17,24.58,25.48,1023900,SZC,79
2021-01-18,25.73,26.17,24.98,25.23,1132600,SZC,79
2021-01-19,25.23,25.85,23.49,23.49,1324800,SZC,79
2021-01-20,23.61,23.86,21.87,23.49,1431000,SZC,79
2021-01-21,23.67,24.7,23.05,24.7,1285800,SZC,79
2021-01-22,24.67,25.29,24.11,24.27,1519600,SZC,79
2021-01-25,23.99,24.89,23.86,24.48,891800,SZC,79
2021-01-26,24.73,25.04,23.86,24.61,1389600,SZC,79
2021-01-27,24.61,26.32,24.48,26.32,4175400,SZC,79
2021-01-28,25.23,27.41,24.48,24.48,2179200,SZC,79
2021-01-29,24.51,26.2,24.51,26.17,1442700,SZC,79
2021-02-01,25.54,26.42,24.36,24.36,1823300,SZC,79
2021-02-02,22.68,24.3,22.68,22.99,3070800,SZC,79
2021-02-03,24.11,24.17,21.49,23.42,1633300,SZC,79
2021-02-04,23.24,24.48,22.93,23.64,865300,SZC,79
2021-02-05,23.64,23.67,23.11,23.61,1095200,SZC,79
2021-02-08,23.36,24.05,21.99,22.43,1360600,SZC,79
2021-02-09,22.3,23.27,22.18,23.08,841700,SZC,79
2021-02-17,23.42,24.67,23.36,24.42,906400,SZC,79
2021-02-18,24.42,25.51,23.99,25.01,1455200,SZC,79
2021-02-19,24.61,25.79,24.61,25.14,985200,SZC,79
2021-02-22,25.23,25.39,24.55,24.76,1216700,SZC,79
2021-02-23,24.76,25.73,24.61,25.32,1371000,SZC,79
2021-02-24,25.51,25.73,24.67,24.73,990900,SZC,79
2021-02-25,24.92,24.98,24.42,24.8,819800,SZC,79
2021-02-26,24.3,26.51,24.3,25.36,1078200,SZC,79
2021-03-01,25.42,26.85,25.36,26.79,2239000,SZC,79
2021-03-02,27.1,27.29,26.54,26.7,870700,SZC,79
2021-03-03,26.48,27.41,26.35,27.04,1194900,SZC,79
2021-03-04,27.1,27.41,25.61,26.35,1326500,SZC,79
2021-03-05,26.04,26.35,25.23,25.92,1025000,SZC,79
2021-03-08,26.1,26.54,25.67,26.2,902700,SZC,79
2021-03-09,26.2,26.2,25.54,25.79,586900,SZC,79
2021-03-10,25.79,26.1,25.54,26.04,536600,SZC,79
2021-03-11,26.48,27.1,26.17,26.7,1282200,SZC,79
2021-03-12,26.79,27.1,26.42,26.48,530100,SZC,79
2021-03-15,26.48,26.73,26.01,26.17,749300,SZC,79
2021-03-16,26.04,26.17,25.54,25.61,984000,SZC,79
2021-03-17,25.32,25.54,24.98,25.23,1107600,SZC,79
2021-03-18,25.54,25.85,25.04,25.67,797100,SZC,79
2021-03-19,25.67,25.85,25.29,25.54,499400,SZC,79
2021-03-22,25.42,25.54,25.04,25.29,660900,SZC,79
2021-03-23,25.23,25.85,25.17,25.29,710200,SZC,79
2021-03-24,25.04,25.29,23.74,23.99,973200,SZC,79
2021-03-25,24.3,24.33,23.67,23.67,1065500,SZC,79
2021-03-26,23.36,23.61,22.12,23.33,1033700,SZC,79
2021-03-29,23.33,23.8,23.33,23.74,580300,SZC,79
2021-03-30,23.8,24.14,23.67,24.08,457900,SZC,79
2021-03-31,24.14,24.17,23.95,24.02,423000,SZC,79
2021-04-01,24.02,24.3,23.86,24.3,485900,SZC,79
2021-04-02,24.92,24.92,24.36,24.61,569600,SZC,79
2021-04-05,24.8,24.86,24.51,24.51,385800,SZC,79
2021-04-06,24.23,24.3,23.86,24.02,434400,SZC,79
2021-04-07,23.86,24.3,23.55,24.3,574000,SZC,79
2021-04-08,24.3,25.23,23.89,24.55,697300,SZC,79
2021-04-09,24.55,24.86,24.55,24.61,292500,SZC,79
2021-04-12,24.67,25.11,24.48,24.73,499100,SZC,79
2021-04-13,24.73,24.89,23.86,24.05,743600,SZC,79
2021-04-14,23.67,23.95,23.61,23.92,605200,SZC,79
2021-04-15,23.92,23.95,23.36,23.42,702600,SZC,79
2021-04-16,23.05,23.8,22.12,22.86,806900,SZC,79
2021-04-19,22.86,23.24,22.86,22.93,467300,SZC,79
2021-04-20,23.05,23.11,22.3,22.68,626100,SZC,79
2021-04-22,22.43,22.43,21.12,21.77,1348700,SZC,79
2021-04-23,21.68,22.43,20.43,22.27,742000,SZC,79
2021-04-26,22.24,22.27,21.43,21.43,472600,SZC,79
2021-04-27,21.43,21.52,20.68,20.93,416100,SZC,79
2021-04-28,20.93,22.12,20.81,21.74,612700,SZC,79
2021-04-29,21.87,22.12,21.49,21.49,382900,SZC,79
2021-05-04,20.87,21.24,20.75,21.12,464300,SZC,79
2021-05-05,21.12,21.99,21.12,21.74,701100,SZC,79
2021-05-06,21.9,22.24,21.68,21.8,543200,SZC,79
2021-05-07,21.8,21.8,21.06,21.12,913300,SZC,79
2021-05-10,20.75,21.56,20.68,21.12,679300,SZC,79
2021-05-11,21.18,22.09,21.09,21.68,690800,SZC,79
2021-05-12,21.68,23.18,21.65,23.18,1808200,SZC,79
2021-05-13,23.18,23.61,22.74,22.74,838600,SZC,79
2021-05-14,22.8,23.36,22.43,22.43,579900,SZC,79
2021-05-17,22.43,22.68,21.87,22.02,683200,SZC,79
2021-05-18,22.02,22.02,21.24,21.49,503000,SZC,79
2021-05-19,21.18,21.49,21.03,21.06,873400,SZC,79
2021-05-20,20.93,20.93,19.66,20.06,1631600,SZC,79
2021-05-21,19.94,21.46,19.94,21.46,848500,SZC,79
2021-05-24,22.12,22.61,21.68,22.43,986000,SZC,79
2021-05-25,22.49,22.74,22.21,22.43,1140900,SZC,79
2021-05-26,22.3,22.93,21.8,22.55,1101600,SZC,79
2021-05-27,22.43,22.58,22.3,22.43,1140800,SZC,79
2021-05-28,22.74,22.74,22.37,22.74,987700,SZC,79
2021-05-31,22.74,23.55,22.55,23.49,1108900,SZC,79
2021-06-01,23.55,23.61,22.99,23.18,491700,SZC,79
2021-06-02,22.74,23.18,22.46,22.93,511700,SZC,79
2021-06-03,22.12,23.18,21.8,22.93,848600,SZC,79
2021-06-04,22.93,24.17,22.93,24.17,1695900,SZC,79
2021-06-07,24.61,24.61,23.67,24.36,1183300,SZC,79
2021-06-08,24.36,24.8,23.67,23.99,1185700,SZC,79
2021-06-09,23.67,24.17,22.8,23.74,1043000,SZC,79
2021-06-10,23.74,23.8,23.02,23.02,699900,SZC,79
2021-06-11,22.93,23.55,22.86,23.49,785400,SZC,79
2021-06-14,23.49,24.61,23.49,24.3,1294400,SZC,79
2021-06-15,24.36,25.73,24.17,25.48,2530100,SZC,79
2021-06-16,25.48,25.73,24.86,25.54,1385800,SZC,79
2021-06-17,24.86,26.04,24.8,25.64,1010100,SZC,79
2021-06-18,25.42,26.79,25.23,25.92,1745800,SZC,79
2021-06-21,25.54,25.82,24.92,25.48,1151300,SZC,79
2021-06-22,25.29,26.04,25.23,25.23,1057000,SZC,79
2021-06-23,25.23,25.23,23.8,24.14,1987300,SZC,79
2021-06-24,24.11,24.48,23.58,23.74,1043400,SZC,79
2021-06-25,23.74,24.23,23.61,23.8,604000,SZC,79
2021-06-28,23.8,24.42,23.8,24.3,762100,SZC,79
2021-06-29,24.3,24.76,23.86,24.27,850900,SZC,79
2021-06-30,24.27,24.27,23.92,24.05,625700,SZC,79
2021-07-01,24.05,24.11,23.64,23.99,826700,SZC,79
2021-07-02,23.99,24.3,23.74,23.99,735300,SZC,79
2021-07-05,23.64,23.92,23.05,23.24,1128400,SZC,79
2021-07-06,23.05,23.36,21.8,21.8,1565500,SZC,79
2021-07-07,21.56,22.37,21.18,22.37,1091200,SZC,79
2021-07-08,22.3,22.55,21.8,22.4,451700,SZC,79
2021-07-09,22.12,22.4,21.31,21.99,679600,SZC,79
2021-07-12,21.62,21.99,20.47,20.65,1206200,SZC,79
2021-07-13,20.93,21.18,20.65,21.12,443400,SZC,79
2021-07-14,21.12,21.46,20.43,20.87,500800,SZC,79
2021-07-15,20.87,21.4,20.75,21.4,413500,SZC,79
2021-07-16,22.12,22.9,21.99,22.9,1648500,SZC,79
2021-07-19,22.49,23.67,22.3,22.43,1005000,SZC,79
2021-07-20,22.74,23.36,22.18,23.36,558600,SZC,79
2021-07-21,23.18,23.42,22.74,23.05,748700,SZC,79
2021-07-22,22.86,24.64,22.68,24.64,2494000,SZC,79
2021-07-23,24.61,24.92,24.11,24.17,1009600,SZC,79
2021-07-26,23.86,25.36,23.86,24.86,1193200,SZC,79
2021-07-27,25.23,25.23,24.23,24.55,998000,SZC,79
2021-07-28,24.48,25.23,24.3,24.67,1287400,SZC,79
2021-07-29,24.92,25.01,24.48,24.92,507900,SZC,79
2021-07-30,24.92,25.79,24.92,25.51,2283300,SZC,79
2021-08-02,25.45,25.82,24.92,25.29,1743000,SZC,79
2021-08-03,25.23,26.79,24.92,26.79,3207500,SZC,79
2021-08-04,26.79,27.16,26.23,26.54,1296600,SZC,79
2021-08-05,26.42,27.41,26.04,27.16,1395600,SZC,79
2021-08-06,27.13,28.35,26.63,27.6,2873900,SZC,79
2021-08-09,27.91,28.35,27.72,28.35,1863100,SZC,79
2021-08-10,28.53,28.53,27.6,27.79,1858600,SZC,79
2021-08-11,27.66,28.28,27.04,27.04,2059100,SZC,79
2021-08-12,26.94,28.91,26.94,28.91,2482100,SZC,79
2021-08-13,29.03,29.9,28.35,29.59,2430300,SZC,79
2021-08-16,29.9,30.46,29.25,29.41,1562800,SZC,79
2021-08-17,29.03,29.16,28.66,28.94,1678900,SZC,79
2021-08-18,28.66,29.53,28.6,29.09,1381700,SZC,79
2021-08-19,28.91,29.9,28.75,29.65,1151100,SZC,79
2021-08-20,29.65,30.28,27.6,28.22,2890100,SZC,79
2021-08-23,27.72,28.97,26.79,26.79,1875100,SZC,79
2021-08-24,26.6,27.41,26.48,26.54,1276300,SZC,79
2021-08-25,26.54,27.1,26.45,27.1,683000,SZC,79
2021-08-26,27.38,27.97,27.16,27.66,970500,SZC,79
2021-08-27,27.63,28.72,27.23,28.72,1428200,SZC,79
2021-08-30,29.03,30.09,28.97,29.34,1379300,SZC,79
2021-08-31,29.37,30.93,29.09,30.15,2119000,SZC,79
2021-09-01,29.9,30.4,29.87,30.15,871500,SZC,79
2021-09-06,30.53,30.84,29.59,29.59,1548500,SZC,79
2021-09-07,29.34,30.43,29.03,29.47,1913900,SZC,79
2021-09-08,29.78,30.15,29.09,29.28,926000,SZC,79
2021-09-09,29.28,29.78,29.22,29.78,639000,SZC,79
2021-09-10,30.03,30.84,29.78,30.46,1846200,SZC,79
2021-09-13,30.53,30.59,29.5,29.5,1022300,SZC,79
2021-09-14,29.34,29.78,29.03,29.28,851900,SZC,79
2021-09-15,29.03,29.59,28.66,29.28,1050900,SZC,79
2021-09-16,29.44,29.84,29.28,29.53,547000,SZC,79
2021-09-17,29.85,30.1,29.28,29.47,913500,SZC,79
2021-09-20,29.47,30.17,29.4,29.47,1059600,SZC,79
2021-09-21,29.15,29.47,28.51,29.47,1242000,SZC,79
2021-09-22,29.85,31.5,29.66,31.47,3374700,SZC,79
2021-09-23,32.14,32.2,30.87,30.87,1139000,SZC,79
2021-09-24,30.93,31.5,30.8,31.12,981300,SZC,79
2021-09-27,31.12,31.44,29.02,29.02,1935800,SZC,79
2021-09-28,28.89,29.78,28.58,29.78,970000,SZC,79
2021-09-29,29.59,30.58,28.99,29.78,1004000,SZC,79
2021-09-30,30.23,30.23,29.91,29.91,397800,SZC,79
2021-10-01,29.91,30.55,29.59,29.98,681900,SZC,79
2021-10-04,29.98,31.06,29.91,30.74,1014900,SZC,79
2021-10-05,31.12,31.69,30.9,31.31,1044900,SZC,79
2021-10-06,31.41,31.57,31.18,31.38,831900,SZC,79
2021-10-07,31.63,33.54,31.31,33.54,2872600,SZC,79
2021-10-08,33.79,33.79,32.9,32.97,722500,SZC,79
2021-10-11,33.16,34.05,32.9,33.99,1087200,SZC,79
2021-10-12,34.18,34.94,33.79,34.94,1606800,SZC,79
2021-10-13,34.94,36.09,34.69,35.58,1327900,SZC,79
2021-10-14,35.77,36.02,34.81,34.81,1539000,SZC,79
2021-10-15,34.81,35.64,34.18,35.64,1780500,SZC,79
2021-10-18,36.21,37.42,36.09,36.72,1209900,SZC,79
2021-10-19,36.72,36.85,35.96,36.66,648700,SZC,79
2021-10-20,36.28,37.36,35.77,36.66,860900,SZC,79
2021-10-21,36.72,37.04,36.47,36.66,513200,SZC,79
2021-10-22,36.66,38.82,36.66,38.57,984400,SZC,79
2021-10-25,38.82,39.84,37.55,37.55,706800,SZC,79
2021-10-26,37.42,38.38,37.1,38.19,819000,SZC,79
2021-10-27,38.57,38.95,37.55,38.44,796100,SZC,79
2021-10-28,38.19,39.65,38.12,38.82,951300,SZC,79
2021-10-29,38.57,40.09,38.57,39.52,650400,SZC,79
2021-11-01,39.59,39.78,38.31,38.57,1069800,SZC,79
2021-11-02,38.63,39.78,38.19,39.59,1056500,SZC,79
2021-11-03,39.59,40.92,36.85,36.85,2003200,SZC,79
2021-11-04,36.34,37.55,36.34,36.79,998300,SZC,79
2021-11-05,36.85,37.55,35.39,36.91,1250200,SZC,79
2021-11-08,36.98,38.19,36.28,36.91,705600,SZC,79
2021-11-09,36.91,37.87,36.85,37.23,531100,SZC,79
2021-11-10,37.23,37.61,36.47,36.85,1124200,SZC,79
2021-11-11,37.17,38.57,36.66,37.87,1939200,SZC,79
2021-11-12,38.76,39.14,37.93,38.69,1032400,SZC,79
2021-11-15,39.01,39.01,37.23,37.93,1581300,SZC,79
2021-11-16,37.42,37.42,36.15,36.15,2098800,SZC,79
2021-11-17,36.15,37.17,35.64,36.91,1209600,SZC,79
2021-11-18,37.04,37.1,36.15,36.28,1188400,SZC,79
2021-11-19,36.28,36.47,33.79,34.18,2055300,SZC,79
2021-11-22,34.18,34.18,31.79,31.79,1533300,SZC,79
2021-11-23,31.18,33.99,31.18,33.99,1259900,SZC,79
2021-11-24,34.94,35.26,34.18,34.49,778300,SZC,79
2021-11-25,34.81,35.96,34.24,35.26,820000,SZC,79
2021-11-26,35.51,35.51,34.43,34.94,979700,SZC,79
2021-11-29,33.41,35.58,33.41,35.13,711600,SZC,79
2021-11-30,35.64,37.55,35.64,37.49,2717100,SZC,79
2021-12-01,37.87,39.27,37.74,38.69,1620400,SZC,79
2021-12-02,39.08,39.08,38.06,38.5,822200,SZC,79
2021-12-03,38.31,38.5,37.29,37.29,1408000,SZC,79
2021-12-06,36.59,37.29,34.69,35.64,2180000,SZC,79
2021-12-07,35.89,36.85,35.0,36.72,630600,SZC,79
2021-12-08,36.72,38.63,36.72,37.74,1237000,SZC,79
2021-12-09,37.74,38.06,37.1,37.99,830000,SZC,79
2021-12-10,38.19,40.41,37.99,40.22,3754400,SZC,79
2021-12-13,40.73,41.69,40.6,40.73,1244700,SZC,79
2021-12-14,40.67,42.2,40.41,41.5,1374900,SZC,79
2021-12-15,41.75,42.2,40.73,41.5,1383400,SZC,79
2021-12-16,41.37,42.96,41.37,42.58,1118600,SZC,79
2021-12-17,42.96,43.28,41.37,42.0,1548400,SZC,79
2021-12-20,41.37,41.43,40.09,40.48,1514600,SZC,79
2021-12-21,40.09,41.69,38.89,41.56,1248500,SZC,79
2021-12-22,41.56,43.15,41.56,42.0,1342600,SZC,79
2021-12-23,41.75,41.94,39.84,40.41,1386500,SZC,79
2021-12-24,40.48,41.69,40.29,41.24,1029400,SZC,79
2021-12-27,41.24,41.69,40.41,41.24,758200,SZC,79
2021-12-28,41.62,43.28,41.43,42.96,1768200,SZC,79
2021-12-29,42.96,43.91,42.26,43.72,1064100,SZC,79
2021-12-30,43.79,44.3,42.51,42.51,846800,SZC,79
2021-12-31,43.28,43.28,42.32,43.28,1282000,SZC,79
2022-01-04,43.47,45.5,43.28,44.87,1130600,SZC,79
2022-01-05,44.87,46.78,44.87,46.08,1071400,SZC,79
2022-01-06,46.01,47.1,45.5,46.14,1136300,SZC,79
2022-01-07,45.82,45.82,44.74,45.5,974300,SZC,79
2022-01-10,45.19,46.33,44.42,45.19,811800,SZC,79
2022-01-11,45.12,45.76,43.4,44.68,760800,SZC,79
2022-01-12,44.23,44.55,41.56,42.0,1686000,SZC,79
2022-01-13,42.96,43.4,40.73,42.45,1050200,SZC,79
2022-01-14,41.75,44.55,40.86,44.55,951600,SZC,79
2022-01-17,44.55,45.5,41.43,41.43,1020600,SZC,79
2022-01-18,41.37,41.5,38.82,41.05,1053700,SZC,79
2022-01-19,41.05,43.21,40.29,42.7,1976200,SZC,79
2022-01-20,42.77,45.63,42.77,45.63,1887300,SZC,79
2022-01-21,46.14,47.35,45.25,45.25,1204900,SZC,79
2022-01-24,45.12,47.29,44.3,45.82,1940000,SZC,79
2022-01-25,45.31,49.0,44.68,49.0,2106000,SZC,79
2022-01-26,50.15,51.55,49.13,49.64,989100,SZC,79
2022-01-27,49.13,50.28,46.9,47.41,1095100,SZC,79
2022-01-28,47.1,50.28,44.87,49.13,1977500,SZC,79
2022-02-07,49.39,50.21,48.43,49.0,625400,SZC,79
2022-02-08,48.37,51.55,48.3,49.9,1201800,SZC,79
2022-02-09,49.32,50.28,48.43,48.69,1049500,SZC,79
2022-02-10,48.69,49.77,48.69,49.64,805200,SZC,79
2022-02-11,49.58,51.81,49.39,50.79,1324000,SZC,79
2022-02-14,49.96,51.23,49.7,49.77,817900,SZC,79
2022-02-15,49.51,50.15,48.37,50.15,986000,SZC,79
2022-02-16,50.91,50.91,48.69,48.88,1695700,SZC,79
2022-02-17,48.75,49.64,48.43,49.64,1086900,SZC,79
2022-02-18,48.88,50.66,48.88,50.02,974600,SZC,79
2022-02-21,49.83,50.21,49.32,49.77,922700,SZC,79
2022-02-22,48.75,49.64,47.41,49.64,1690600,SZC,79
2022-02-23,49.64,53.08,49.51,53.08,3707900,SZC,79
2022-02-24,52.76,53.08,50.28,52.38,1411800,SZC,79
2022-02-25,52.38,54.03,52.19,52.19,1127800,SZC,79
2022-02-28,51.93,52.19,51.23,51.3,832000,SZC,79
2022-03-01,50.91,52.76,50.79,51.81,1161300,SZC,79
2022-03-02,51.81,52.7,51.11,52.19,841600,SZC,79
2022-03-03,52.19,52.82,51.87,52.25,802200,SZC,79
2022-03-04,52.25,53.46,51.55,51.61,1081100,SZC,79
2022-03-07,51.23,51.3,48.81,48.81,3422700,SZC,79
2022-03-08,48.05,48.5,46.33,46.4,2477900,SZC,79
2022-03-09,46.4,48.05,45.19,47.73,1683200,SZC,79
2022-03-10,47.8,48.62,46.84,46.84,974600,SZC,79
2022-03-11,46.46,46.46,44.8,45.06,1757900,SZC,79
2022-03-14,44.55,44.68,42.9,43.53,1226300,SZC,79
2022-03-15,43.6,46.14,43.6,46.14,951300,SZC,79
2022-03-16,46.46,46.78,46.08,46.14,459300,SZC,79
2022-03-17,46.46,47.22,46.33,47.1,593200,SZC,79
2022-03-18,46.9,47.8,46.52,47.03,656500,SZC,79
2022-03-21,47.29,47.92,46.59,47.22,722300,SZC,79
2022-03-22,47.41,48.24,47.1,47.41,873700,SZC,79
2022-03-23,47.22,48.05,47.22,47.29,613700,SZC,79
2022-03-24,47.1,47.41,46.78,47.29,552000,SZC,79
2022-03-25,47.73,49.58,47.16,49.26,1445500,SZC,79
2022-03-28,48.69,49.2,47.48,48.18,1034600,SZC,79
2022-03-29,48.37,49.96,48.37,49.51,1055000,SZC,79
2022-03-30,48.56,50.15,47.73,48.05,1179800,SZC,79
2022-03-31,48.11,49.83,48.11,48.69,1296900,SZC,79
2022-04-01,48.75,49.96,48.43,48.75,844800,SZC,79
2022-04-04,49.0,50.09,48.43,49.58,1186800,SZC,79
2022-04-05,49.64,50.21,49.32,49.51,858000,SZC,79
2022-04-06,49.07,49.32,47.41,47.41,1518400,SZC,79
2022-04-07,47.41,47.41,44.87,45.06,2014000,SZC,79
2022-04-08,45.06,46.14,44.55,44.55,888000,SZC,79
2022-04-12,44.87,46.01,43.6,44.17,700900,SZC,79
2022-04-13,44.68,45.57,43.28,45.57,761000,SZC,79
2022-04-14,46.01,46.01,44.55,44.93,388800,SZC,79
2022-04-15,44.68,46.4,43.91,44.87,898700,SZC,79
2022-04-18,45.0,45.63,42.0,42.64,1005700,SZC,79
2022-04-19,42.7,43.6,41.37,41.37,931800,SZC,79
2022-04-20,40.92,42.0,38.5,38.5,1307600,SZC,79
2022-04-21,37.23,38.31,35.83,35.83,1483500,SZC,79
2022-04-22,36.66,36.66,33.35,34.37,1179700,SZC,79
2022-04-25,34.62,35.0,32.01,32.01,1116700,SZC,79
2022-04-26,30.87,33.73,29.98,33.73,883200,SZC,79
2022-04-27,33.73,35.58,33.09,35.07,437000,SZC,79
2022-04-28,35.7,36.59,35.13,36.02,836700,SZC,79
2022-04-29,36.02,37.29,35.64,37.29,653800,SZC,79
2022-05-04,37.55,37.55,35.07,35.45,814500,SZC,79
2022-05-05,36.53,36.53,34.37,35.0,564800,SZC,79
2022-05-06,34.05,34.81,33.35,33.35,565300,SZC,79
2022-05-09,32.2,32.59,31.03,31.03,790100,SZC,79
2022-05-10,28.96,32.2,28.96,32.2,566900,SZC,79
2022-05-11,32.78,32.78,31.44,32.46,378000,SZC,79
2022-05-12,31.88,32.9,30.2,30.23,513100,SZC,79
2022-05-13,30.29,30.39,28.13,28.13,1124900,SZC,79
2022-05-16,28.38,29.47,28.0,28.0,292400,SZC,79
2022-05-17,29.15,29.94,28.0,29.94,510900,SZC,79
2022-05-18,30.48,31.38,30.23,30.83,487300,SZC,79
2022-05-19,29.28,31.06,29.28,30.61,426300,SZC,79
2022-05-20,30.93,31.82,30.87,31.18,458100,SZC,79
2022-05-23,31.63,31.69,30.36,30.36,560100,SZC,79
2022-05-24,30.36,30.87,29.4,30.55,483700,SZC,79
2022-05-25,30.93,32.65,30.87,32.65,904100,SZC,79
2022-05-26,33.09,33.54,32.59,33.03,549700,SZC,79
2022-05-27,33.03,34.05,33.03,33.48,640400,SZC,79
2022-05-30,33.6,33.86,33.09,33.29,663300,SZC,79
2022-05-31,32.9,33.92,32.78,33.73,787100,SZC,79
2022-06-01,33.73,34.56,33.73,34.18,605300,SZC,79
2022-06-02,34.18,36.02,33.86,35.58,1522100,SZC,79
2022-06-03,35.39,36.02,35.07,35.51,797900,SZC,79
2022-06-06,35.58,36.4,34.94,35.32,743800,SZC,79
2022-06-07,35.0,35.26,33.73,35.0,961900,SZC,79
2022-06-08,35.0,37.17,35.0,36.66,1443700,SZC,79
2022-06-09,36.66,37.04,36.02,36.4,601800,SZC,79
2022-06-10,36.02,37.55,35.64,36.02,1154000,SZC,79
2022-06-13,33.73,34.94,33.54,33.54,1080500,SZC,79
2022-06-14,32.59,34.05,32.08,32.78,568500,SZC,79
2022-06-15,33.09,33.29,30.48,30.99,1053200,SZC,79
2022-06-16,31.82,33.09,31.82,31.82,469900,SZC,79
2022-06-17,31.06,31.06,29.59,29.59,819300,SZC,79
2022-06-20,30.42,30.55,27.53,27.53,1354300,SZC,79
2022-06-21,27.37,27.37,25.62,25.62,787200,SZC,79
2022-06-22,25.71,26.76,25.14,26.51,492500,SZC,79
2022-06-23,26.44,28.32,26.41,28.32,439100,SZC,79
2022-06-24,28.96,28.96,27.75,27.75,363300,SZC,79
2022-06-27,28.0,29.15,27.88,29.12,597400,SZC,79
2022-06-28,28.96,30.29,28.8,29.59,636600,SZC,79
2022-06-29,29.21,30.17,29.15,29.91,397300,SZC,79
2022-06-30,29.85,30.04,28.64,28.64,462400,SZC,79
2022-07-01,28.32,29.28,27.37,28.8,479400,SZC,79
2022-07-04,28.83,29.56,28.32,28.67,291400,SZC,79
2022-07-05,28.67,28.93,26.7,26.7,487000,SZC,79
2022-07-06,26.67,27.37,26.16,26.54,505600,SZC,79
2022-07-07,26.6,26.79,25.46,26.09,515400,SZC,79
2022-07-08,26.48,27.84,26.48,27.84,611100,SZC,79
2022-07-11,27.97,29.28,27.97,28.64,685800,SZC,79
2022-07-12,28.77,30.64,28.61,30.64,1149700,SZC,79
2022-07-13,31.18,31.5,30.45,30.61,549600,SZC,79
2022-07-14,30.55,31.44,30.07,31.34,663600,SZC,79
2022-07-15,31.57,32.08,30.87,31.31,933900,SZC,79
2022-07-18,31.73,32.01,31.22,31.63,497300,SZC,79
2022-07-19,31.28,33.03,30.29,32.27,1051700,SZC,79
2022-07-20,32.33,32.71,31.57,31.57,1146300,SZC,79
2022-07-21,31.38,32.27,31.25,31.38,571700,SZC,79
2022-07-22,31.44,32.59,31.22,31.88,920200,SZC,79
2022-07-25,31.73,32.2,31.57,31.73,457500,SZC,79
2022-07-26,31.82,32.08,31.38,31.44,399900,SZC,79
2022-07-27,31.25,31.28,30.29,30.87,1060400,SZC,79
2022-07-28,31.69,32.97,31.38,32.97,1741300,SZC,79
2022-07-29,33.41,33.92,32.78,32.9,764900,SZC,79
2022-08-01,33.03,34.24,32.97,33.99,791100,SZC,79
2022-08-02,33.6,34.05,33.03,33.48,1419000,SZC,79
2022-08-03,33.41,34.81,33.41,33.73,1213900,SZC,79
2022-08-04,33.79,33.86,32.9,32.97,1344900,SZC,79
2022-08-05,32.9,33.73,32.9,33.41,777900,SZC,79
2022-08-08,33.48,33.92,33.09,33.35,707900,SZC,79
2022-08-09,33.54,34.43,33.16,33.86,1345000,SZC,79
2022-08-10,34.18,34.75,33.92,34.3,1166000,SZC,79
2022-08-11,34.69,34.69,33.09,33.29,1205300,SZC,79
2022-08-12,33.29,34.94,33.29,34.62,1589300,SZC,79
2022-08-15,35.19,35.19,34.37,34.75,695600,SZC,79
2022-08-16,34.37,34.75,34.24,34.3,679300,SZC,79
2022-08-17,34.37,35.39,33.92,34.3,1466700,SZC,79
2022-08-18,34.37,34.37,33.48,33.6,898100,SZC,79
2022-08-19,33.73,34.11,33.22,33.6,624400,SZC,79
2022-08-22,33.54,33.6,32.14,33.03,1233000,SZC,79
2022-08-23,32.65,34.24,32.65,34.24,885300,SZC,79
2022-08-24,34.37,35.77,34.18,35.64,1679000,SZC,79
2022-08-25,35.96,35.96,35.39,35.45,857700,SZC,79
2022-08-26,35.58,35.77,34.69,35.32,1206400,SZC,79
2022-08-29,34.43,35.32,33.6,35.32,1575600,SZC,79
2022-08-30,35.77,36.62,35.26,35.32,1449100,SZC,79
2022-08-31,35.26,35.58,34.67,34.93,643000,SZC,79
2022-09-05,35.0,35.19,34.28,34.67,841000,SZC,79
2022-09-06,34.74,35.13,34.67,34.93,654400,SZC,79
2022-09-07,34.87,34.87,32.73,32.73,1693900,SZC,79
2022-09-08,33.05,33.38,31.56,31.95,1071100,SZC,79
2022-09-09,32.08,32.4,31.01,32.4,1169800,SZC,79
2022-09-12,32.66,32.79,32.37,32.4,492871,SZC,79
2022-09-13,32.79,32.79,31.95,32.21,522828,SZC,79
2022-09-14,31.43,32.73,31.43,32.66,638931,SZC,79
2022-09-15,32.73,33.64,32.53,32.92,789413,SZC,79
2022-09-16,32.92,32.92,31.92,32.05,513346,SZC,79
2022-09-19,31.82,31.85,29.81,29.81,854509,SZC,79
2022-09-20,30.33,30.46,29.68,30.46,483584,SZC,79
2022-09-21,30.01,30.53,30.01,30.14,185340,SZC,79
2022-09-22,29.81,30.72,29.81,30.53,431810,SZC,79
2022-09-23,30.53,31.11,30.4,30.46,365490,SZC,79
2022-09-26,29.62,29.94,28.35,28.35,876861,SZC,79
2022-09-27,28.35,28.65,27.54,27.87,438746,SZC,79
2022-09-28,27.61,28.19,27.16,27.41,535816,SZC,79
2022-09-29,28.0,28.0,25.99,25.99,568413,SZC,79
2022-09-30,25.6,26.51,24.34,26.51,777563,SZC,79
2022-10-03,25.79,26.25,24.66,24.66,477520,SZC,79
2022-10-04,24.95,25.15,23.98,23.98,572320,SZC,79
2022-10-05,24.63,25.18,24.5,25.11,473715,SZC,79
2022-10-06,25.24,25.28,23.4,23.4,477553,SZC,79
2022-10-07,21.97,23.2,21.78,21.78,1029335,SZC,79
2022-10-10,20.41,22.55,20.41,22.33,730894,SZC,79
2022-10-11,21.94,22.33,20.77,20.77,673260,SZC,79
2022-10-12,20.74,22.2,20.48,21.91,745315,SZC,79
2022-10-13,22.04,22.72,22.04,22.55,647222,SZC,79
2022-10-14,23.01,23.17,22.55,22.68,626464,SZC,79
2022-10-17,22.16,22.91,22.04,22.91,489153,SZC,79
2022-10-18,23.53,23.59,22.42,22.42,569538,SZC,79
2022-10-19,22.49,23.07,22.42,22.68,744478,SZC,79
2022-10-20,22.55,22.68,22.0,22.04,604869,SZC,79
2022-10-21,22.04,22.04,20.51,20.51,928845,SZC,79
2022-10-24,20.09,20.41,19.09,19.09,852274,SZC,79
2022-10-25,18.15,19.57,17.76,17.76,801185,SZC,79
2022-10-26,17.76,18.28,16.53,16.56,704706,SZC,79
2022-10-27,16.2,17.69,15.55,17.69,930036,SZC,79
2022-10-28,18.08,18.44,17.82,17.85,517347,SZC,79
2022-10-31,17.85,18.08,16.85,17.85,495549,SZC,79
2022-11-01,17.98,18.37,17.98,18.15,703799,SZC,79
2022-11-02,18.15,18.63,17.95,18.05,509736,SZC,79
2022-11-03,17.5,18.08,17.5,17.82,391509,SZC,79
2022-11-04,17.79,17.79,16.59,16.75,879834,SZC,79
2022-11-07,16.59,16.79,15.59,15.59,1224548,SZC,79
2022-11-08,14.65,15.59,14.58,15.49,696994,SZC,79
2022-11-09,15.36,15.94,15.33,15.36,243682,SZC,79
2022-11-10,14.94,15.88,14.91,14.91,1313701,SZC,79
2022-11-11,15.17,15.75,15.04,15.46,647933,SZC,79
2022-11-14,15.29,15.49,14.97,15.23,565360,SZC,79
2022-11-15,14.94,15.29,14.19,14.19,1342847,SZC,79
2022-11-16,13.29,15.17,13.25,15.17,873708,SZC,79
2022-11-17,15.49,15.85,15.26,15.55,607399,SZC,79
2022-11-18,15.36,16.59,15.29,16.59,769134,SZC,79
2022-11-21,16.85,17.73,16.85,17.27,652800,SZC,79
2022-11-22,17.3,18.02,16.53,17.08,596715,SZC,79
2022-11-23,17.17,17.17,16.4,16.43,339731,SZC,79
2022-11-24,15.98,16.79,15.88,16.72,423438,SZC,79
2022-11-25,17.17,17.85,16.92,17.82,448458,SZC,79
2022-11-28,18.47,18.99,18.15,18.79,615432,SZC,79
2022-11-29,18.99,19.12,18.05,18.79,827799,SZC,79
2022-11-30,18.96,19.96,18.47,19.64,1038058,SZC,79
2022-12-01,20.09,20.09,18.99,19.22,998318,SZC,79
2022-12-02,18.86,20.03,18.54,20.03,840800,SZC,79
2022-12-05,20.67,20.67,19.44,19.64,1151112,SZC,79
2022-12-06,19.44,19.64,18.54,18.54,1117431,SZC,79
2022-12-07,18.34,18.57,17.82,17.82,652900,SZC,79
2022-12-08,18.41,18.7,17.89,18.41,769795,SZC,79
2022-12-09,18.54,19.12,18.24,18.92,575333,SZC,79
2022-12-12,19.15,19.83,18.92,18.99,1209865,SZC,79
2022-12-13,18.99,19.18,18.5,19.18,464420,SZC,79
2022-12-14,19.41,20.51,19.38,20.51,3198103,SZC,79
2022-12-15,21.0,21.74,20.51,21.39,1761590,SZC,79
2022-12-16,20.97,21.29,20.8,21.03,2160040,SZC,79
2022-12-19,21.0,21.65,19.57,19.57,2916628,SZC,79
2022-12-20,19.18,19.31,18.21,18.21,3188273,SZC,79
2022-12-21,18.21,18.34,16.95,17.24,2227205,SZC,79
2022-12-22,17.43,17.69,16.59,17.27,1094677,SZC,79
2022-12-23,17.3,17.82,17.11,17.43,975085,SZC,79
2022-12-26,17.17,17.43,16.23,16.23,1238303,SZC,79
2022-12-27,16.2,16.82,16.01,16.82,728135,SZC,79
2022-12-28,16.85,17.47,16.66,17.43,924122,SZC,79
2022-12-29,17.3,17.5,16.98,17.11,463387,SZC,79
2022-12-30,17.11,17.24,16.92,16.98,429570,SZC,79
2023-01-03,16.98,18.15,16.98,18.11,1605060,SZC,79
2023-01-04,18.02,19.09,18.02,18.6,1418981,SZC,79
2023-01-05,18.7,18.86,18.21,18.54,1229732,SZC,79
2023-01-06,18.54,19.05,17.89,18.08,1283085,SZC,79
2023-01-09,18.28,18.28,17.95,18.02,731285,SZC,79
2023-01-10,17.95,18.18,17.5,18.18,771519,SZC,79
2023-01-11,18.28,18.6,18.18,18.31,632589,SZC,79
2023-01-12,18.44,18.89,18.44,18.76,1080151,SZC,79
2023-01-13,18.92,19.12,18.37,18.67,807024,SZC,79
2023-01-16,18.86,18.92,18.41,18.92,707137,SZC,79
2023-01-17,19.12,19.35,18.96,19.22,1124642,SZC,79
2023-01-18,19.31,19.7,18.99,19.51,1102297,SZC,79
2023-01-19,19.7,19.83,19.41,19.51,947969,SZC,79
2023-01-27,19.51,20.74,19.51,20.74,1596265,SZC,79
2023-01-30,20.64,21.06,20.38,20.45,1584802,SZC,79
2023-01-31,20.25,20.74,19.8,20.74,1351076,SZC,79
2023-02-01,20.97,21.0,19.31,19.31,2067791,SZC,79
2023-02-02,19.25,19.31,18.41,18.86,1283731,SZC,79
2023-02-03,18.86,19.05,18.44,18.92,787410,SZC,79
2023-02-06,18.79,18.83,18.15,18.67,497549,SZC,79
2023-02-07,18.67,19.05,18.15,18.15,1011927,SZC,79
2023-02-08,18.41,18.47,17.66,18.28,937300,SZC,79
2023-02-09,18.47,18.47,18.24,18.24,482611,SZC,79
2023-02-10,18.21,18.54,18.08,18.34,588701,SZC,79
2023-02-13,18.28,18.34,17.27,17.56,842034,SZC,79
2023-02-14,17.73,17.95,17.47,17.47,490951,SZC,79
2023-02-15,17.5,18.34,17.5,18.15,734105,SZC,79
2023-02-16,18.41,18.73,18.21,18.7,779040,SZC,79
2023-02-17,18.67,19.09,18.63,18.79,798701,SZC,79
2023-02-20,18.79,19.9,18.79,19.9,1451626,SZC,79
2023-02-21,19.99,20.09,19.44,19.44,1067857,SZC,79
2023-02-22,19.15,19.41,18.08,18.08,2230378,SZC,79
2023-02-23,18.08,18.28,17.56,18.28,1112020,SZC,79
2023-02-24,18.41,18.44,17.79,17.82,639022,SZC,79
2023-02-27,17.21,17.63,17.21,17.24,922126,SZC,79
2023-02-28,17.5,17.6,17.04,17.24,630365,SZC,79
2023-03-01,17.24,17.82,17.04,17.82,492016,SZC,79
2023-03-02,17.82,17.95,17.56,17.63,391366,SZC,79
2023-03-03,17.79,17.82,17.17,17.17,480832,SZC,79
2023-03-06,17.47,17.73,17.21,17.24,348551,SZC,79
2023-03-07,17.4,17.53,17.27,17.37,221200,SZC,79
2023-03-08,17.3,17.76,17.24,17.76,453829,SZC,79
2023-03-09,17.95,18.54,17.82,18.37,1488640,SZC,79
2023-03-10,18.15,18.37,18.02,18.11,799741,SZC,79
2023-03-13,17.82,17.92,17.69,17.73,732307,SZC,79
2023-03-14,17.56,17.76,17.24,17.27,898760,SZC,79
2023-03-15,17.76,18.05,17.5,18.02,606021,SZC,79
2023-03-16,17.79,17.95,17.5,17.6,316760,SZC,79
2023-03-17,17.73,17.82,17.5,17.56,228043,SZC,79
2023-03-20,17.53,17.69,17.24,17.3,432608,SZC,79
2023-03-21,17.43,17.47,17.24,17.47,257761,SZC,79
2023-03-22,17.63,17.76,17.56,17.56,428194,SZC,79
2023-03-23,17.47,17.73,17.47,17.73,253700,SZC,79
2023-03-24,17.82,18.44,17.82,18.31,1198143,SZC,79
2023-03-27,18.41,18.83,18.24,18.73,1000660,SZC,79
2023-03-28,18.76,19.02,18.5,18.5,1178550,SZC,79
2023-03-29,18.57,18.76,18.5,18.6,400661,SZC,79
2023-03-30,18.89,18.92,18.28,18.28,704862,SZC,79
2023-03-31,18.37,19.54,18.31,19.12,2904307,SZC,79
2023-04-03,19.83,20.16,19.57,19.99,1577514,SZC,79
2023-04-04,19.96,20.03,19.67,19.86,1314225,SZC,79
2023-04-05,19.9,20.61,19.8,20.41,1386584,SZC,79
2023-04-06,20.35,20.38,19.44,19.51,1784537,SZC,79
2023-04-07,19.7,20.29,19.38,20.29,1333232,SZC,79
2023-04-10,20.74,21.06,20.51,20.74,2266060,SZC,79
2023-04-11,20.8,21.0,20.22,21.0,1132637,SZC,79
2023-04-12,21.13,22.0,20.8,21.71,2218691,SZC,79
2023-04-13,21.91,21.91,21.26,21.29,1139087,SZC,79
2023-04-14,21.32,21.35,19.9,19.9,1961534,SZC,79
2023-04-17,20.09,20.38,19.83,20.35,733315,SZC,79
2023-04-18,20.45,20.84,20.22,20.8,843672,SZC,79
2023-04-19,20.87,20.9,20.06,20.06,1274040,SZC,79
2023-04-20,19.9,20.61,19.9,20.45,882415,SZC,79
2023-04-21,20.45,21.03,19.77,20.06,1414000,SZC,79
2023-04-24,20.06,20.54,20.03,20.41,759214,SZC,79
2023-04-25,20.61,21.03,20.09,20.45,1665514,SZC,79
2023-04-26,20.48,21.19,20.09,21.19,937330,SZC,79
2023-04-27,21.39,21.71,20.87,20.9,1504128,SZC,79
2023-04-28,20.93,21.52,20.8,21.1,1152972,SZC,79
2023-05-04,21.06,21.68,21.06,21.45,1101280,SZC,79
2023-05-05,21.32,21.58,20.84,21.03,1089803,SZC,79
2023-05-08,21.35,22.0,21.19,22.0,1716480,SZC,79
2023-05-09,22.23,22.97,22.23,22.42,1855537,SZC,79
2023-05-10,22.46,22.62,22.13,22.36,817615,SZC,79
2023-05-11,22.42,22.81,22.29,22.36,1065628,SZC,79
2023-05-12,22.42,22.78,22.1,22.46,1030156,SZC,79
2023-05-15,22.81,22.81,21.87,22.04,1149310,SZC,79
2023-05-16,22.04,22.29,21.71,21.78,1055120,SZC,79
2023-05-17,21.91,22.07,21.13,21.16,1407160,SZC,79
2023-05-18,21.35,21.35,20.93,21.16,811240,SZC,79
2023-05-19,21.39,21.61,21.13,21.45,860050,SZC,79
2023-05-22,21.58,21.94,21.58,21.87,582429,SZC,79
2023-05-23,21.94,22.16,21.55,21.55,789707,SZC,79
2023-05-24,21.65,21.91,21.48,21.65,689453,SZC,79
2023-05-25,21.65,22.46,21.65,22.26,1671815,SZC,79
2023-05-26,22.39,22.42,22.16,22.23,613307,SZC,79
2023-05-29,22.65,23.33,22.49,23.33,1963107,SZC,79
2023-05-30,23.3,23.33,22.94,23.33,956597,SZC,79
2023-05-31,23.33,23.66,23.01,23.33,1122153,SZC,79
2023-06-01,23.27,23.53,23.01,23.46,1074114,SZC,79
2023-06-02,23.85,23.85,23.36,23.43,1203591,SZC,79
2023-06-05,23.66,23.66,22.94,22.94,1161732,SZC,79
2023-06-06,22.78,23.33,22.49,23.27,1431997,SZC,79
2023-06-07,23.66,23.91,23.33,23.43,708005,SZC,79
2023-06-08,23.49,24.5,23.43,23.43,2436801,SZC,79
2023-06-09,23.46,23.66,22.94,23.59,1015556,SZC,79
2023-06-12,23.66,23.82,23.01,23.72,1200319,SZC,79
2023-06-13,23.98,24.04,23.46,23.59,682502,SZC,79
2023-06-14,23.59,23.59,23.07,23.07,882321,SZC,79
2023-06-15,22.91,23.04,22.59,22.62,1635061,SZC,79
2023-06-16,22.97,23.17,22.62,22.62,1045302,SZC,79
2023-06-19,22.62,22.78,22.42,22.46,729076,SZC,79
2023-06-20,22.52,23.04,22.52,23.04,569604,SZC,79
2023-06-21,23.17,23.46,23.07,23.36,998688,SZC,79
2023-06-22,23.66,24.17,23.49,24.14,2638402,SZC,79
2023-06-23,24.37,24.47,23.75,23.85,973513,SZC,79
2023-06-26,23.82,24.43,23.36,24.24,1673527,SZC,79
2023-06-27,24.3,24.89,24.14,24.27,917722,SZC,79
2023-06-28,24.27,24.37,23.88,23.98,772948,SZC,79
2023-06-29,23.91,23.98,23.33,23.33,1408734,SZC,79
2023-06-30,23.4,23.62,23.33,23.43,595668,SZC,79
2023-07-03,23.85,24.11,23.69,23.88,739295,SZC,79
2023-07-04,24.04,24.17,23.69,23.85,859325,SZC,79
2023-07-05,24.04,24.43,23.85,24.04,1718541,SZC,79
2023-07-06,24.81,24.81,24.15,24.54,1184217,SZC,79
2023-07-07,24.46,25.43,24.27,25.2,1274694,SZC,79
2023-07-10,25.59,25.63,24.97,25.04,1121790,SZC,79
2023-07-11,25.24,25.47,24.93,24.97,1303289,SZC,79
2023-07-12,25.04,25.2,24.58,24.89,776170,SZC,79
2023-07-13,25.08,25.51,24.93,25.2,955648,SZC,79
2023-07-14,25.35,25.43,24.73,25.08,862393,SZC,79
2023-07-17,25.2,25.67,25.04,25.2,995121,SZC,79
2023-07-18,25.32,25.98,25.12,25.67,1342053,SZC,79
2023-07-19,26.6,27.45,26.6,27.45,1680392,SZC,79
2023-07-20,27.53,28.19,27.53,28.12,1854641,SZC,79
2023-07-21,28.39,28.43,27.61,28.43,1149040,SZC,79
2023-07-24,28.31,29.01,28.27,28.43,953080,SZC,79
2023-07-25,28.43,28.43,27.61,27.92,1416600,SZC,79
2023-07-26,27.92,29.01,27.84,28.58,930067,SZC,79
2023-07-27,28.58,28.78,28.0,28.78,771509,SZC,79
2023-07-28,28.78,29.05,28.23,28.78,1004772,SZC,79
2023-07-31,28.85,29.01,28.31,28.31,714917,SZC,79
2023-08-01,28.35,29.28,28.27,28.47,1576941,SZC,79
2023-08-02,28.47,29.17,28.47,28.93,983468,SZC,79
2023-08-03,28.93,29.17,28.27,28.78,1234306,SZC,79
2023-08-04,28.82,29.01,28.39,29.01,664829,SZC,79
2023-08-07,29.17,30.45,29.17,30.18,1348354,SZC,79
2023-08-08,30.18,30.41,29.55,29.67,842520,SZC,79
2023-08-09,29.48,29.71,28.78,29.13,924204,SZC,79
2023-08-10,29.2,29.36,28.82,28.85,818627,SZC,79
2023-08-11,28.85,29.01,28.31,28.93,964324,SZC,79
2023-08-14,29.17,29.79,28.93,29.79,820858,SZC,79
2023-08-15,30.18,30.18,29.4,29.44,679950,SZC,79
2023-08-16,29.17,29.32,29.09,29.09,749307,SZC,79
2023-08-17,29.17,29.17,28.5,28.5,976318,SZC,79
2023-08-18,28.27,28.31,26.52,26.52,2575260,SZC,79
2023-08-21,26.33,26.48,25.47,26.17,1102203,SZC,79
2023-08-22,26.17,27.14,25.59,27.14,1064532,SZC,79
2023-08-23,27.14,27.45,26.91,26.99,339877,SZC,79
2023-08-24,26.83,27.45,26.75,27.38,721310,SZC,79
2023-08-25,27.3,27.8,27.18,27.45,576348,SZC,79
2023-08-28,27.69,27.92,27.45,27.61,554020,SZC,79
2023-08-29,27.92,28.47,27.8,28.15,794982,SZC,79
2023-08-30,28.19,28.5,28.15,28.47,755796,SZC,79
2023-08-31,28.78,29.32,28.5,29.2,1478834,SZC,79
2023-09-05,29.59,29.59,28.97,29.24,846156,SZC,79
2023-09-06,29.05,29.94,28.66,29.94,2042403,SZC,79
2023-09-07,30.18,30.18,29.75,29.94,1488061,SZC,79
2023-09-08,29.79,31.77,29.59,31.07,2211820,SZC,79
2023-09-11,31.73,31.73,29.94,29.94,1861517,SZC,79
2023-09-12,29.94,30.76,29.55,30.76,1173688,SZC,79
2023-09-13,30.95,31.38,30.33,30.57,1548858,SZC,79
2023-09-14,30.33,30.57,29.67,29.67,1323323,SZC,79
2023-09-15,29.71,30.37,29.52,30.37,1555778,SZC,79
2023-09-18,30.45,31.11,30.14,30.33,1534292,SZC,79
2023-09-19,30.49,30.53,29.2,30.06,1229272,SZC,79
2023-09-20,30.06,31.3,29.75,31.27,2260048,SZC,79
2023-09-21,31.5,32.28,31.11,31.54,1897885,SZC,79
2023-09-22,30.88,31.5,29.71,30.06,1977561,SZC,79
2023-09-25,30.49,30.64,27.96,27.96,2509770,SZC,79
2023-09-26,27.65,28.78,26.44,26.44,2265448,SZC,79
2023-09-27,26.75,27.84,26.21,27.84,1180365,SZC,79
2023-09-28,27.61,28.0,27.22,27.57,770263,SZC,79
2023-09-29,28.08,28.31,27.49,27.49,977858,SZC,79
2023-10-02,28.0,28.54,27.61,28.12,807827,SZC,79
2023-10-03,27.92,28.08,26.21,26.48,2080819,SZC,79
2023-10-04,26.05,27.53,26.05,27.07,927703,SZC,79
2023-10-05,27.61,28.7,27.3,27.69,1964192,SZC,79
2023-10-06,28.0,28.43,27.49,28.35,1120994,SZC,79
2023-10-09,28.35,29.01,28.35,28.85,1309764,SZC,79
2023-10-10,29.63,29.79,29.2,29.2,1632916,SZC,79
2023-10-11,29.28,30.33,29.28,30.33,2023561,SZC,79
2023-10-12,30.88,30.88,29.71,30.25,1437178,SZC,79
2023-10-13,29.83,31.07,29.71,31.07,2056977,SZC,79
2023-10-16,31.27,31.54,30.33,30.33,1931512,SZC,79
2023-10-17,30.95,30.95,28.23,28.23,2027709,SZC,79
2023-10-18,28.62,29.55,28.19,29.48,2937509,SZC,79
2023-10-19,29.48,29.48,28.39,28.47,1282500,SZC,79
2023-10-20,28.47,29.71,27.38,29.71,1331938,SZC,79
2023-10-23,29.63,29.63,28.47,29.09,1321085,SZC,79
2023-10-24,29.17,30.22,28.39,30.18,1452376,SZC,79
2023-10-25,30.29,30.57,29.48,29.55,1043769,SZC,79
2023-10-26,28.89,29.24,27.49,28.0,2454568,SZC,79
2023-10-27,28.62,29.05,27.69,28.58,1009690,SZC,79
2023-10-30,28.47,28.54,26.6,26.6,817059,SZC,79
2023-10-31,26.6,26.6,24.77,24.77,2020931,SZC,79
2023-11-01,24.89,25.63,23.72,25.51,892384,SZC,79
2023-11-02,26.13,27.1,25.82,26.91,924794,SZC,79
2023-11-03,26.99,27.03,26.29,26.64,788705,SZC,79
2023-11-06,27.1,27.1,26.64,26.83,613339,SZC,79
2023-11-07,26.68,27.57,26.37,27.14,697746,SZC,79
2023-11-08,27.14,29.01,27.14,29.01,1463753,SZC,79
2023-11-09,29.05,29.87,28.78,29.55,1463229,SZC,79
2023-11-10,29.48,29.94,29.17,29.24,1346442,SZC,79
2023-11-13,29.55,29.63,28.82,29.17,817550,SZC,79
2023-11-14,29.55,30.02,29.01,29.55,1091051,SZC,79
2023-11-15,30.33,30.33,29.44,29.55,1227014,SZC,79
2023-11-16,29.4,30.02,29.2,30.02,768816,SZC,79
2023-11-17,30.18,31.3,30.14,30.64,3622877,SZC,79
2023-11-20,30.25,32.78,30.22,32.78,3353914,SZC,79
2023-11-21,33.4,33.44,32.82,33.05,1493346,SZC,79
2023-11-22,33.05,34.22,32.94,33.79,2095426,SZC,79
2023-11-23,33.83,34.18,31.46,31.46,2415430,SZC,79
2023-11-24,31.77,33.64,31.3,33.64,4287365,SZC,79
2023-11-27,34.22,34.92,33.68,33.68,1534137,SZC,79
2023-11-28,33.44,33.83,32.47,33.68,1790913,SZC,79
2023-11-29,33.75,34.03,33.09,33.33,1681059,SZC,79
2023-11-30,33.33,34.84,33.29,33.52,2231985,SZC,79
2023-12-01,33.91,34.03,33.17,33.75,1161076,SZC,79
2023-12-04,34.38,35.39,34.07,34.96,1926857,SZC,79
2023-12-05,34.84,34.96,34.26,34.57,1625947,SZC,79
2023-12-06,34.61,34.73,33.99,34.34,1952293,SZC,79
2023-12-07,34.38,34.84,32.7,33.6,2635102,SZC,79
2023-12-08,33.68,33.95,33.25,33.44,1033980,SZC,79
2023-12-11,33.44,33.99,33.37,33.79,1115330,SZC,79
2023-12-12,34.1,34.49,33.83,33.83,1089150,SZC,79
2023-12-13,33.87,34.07,32.74,32.9,1374783,SZC,79
2023-12-14,33.29,33.37,32.51,32.63,1119484,SZC,79
2023-12-15,32.28,32.98,32.28,32.59,972571,SZC,79
2023-12-18,32.63,33.44,32.43,32.9,969477,SZC,79
2023-12-19,32.9,33.37,32.67,33.37,888011,SZC,79
2023-12-20,33.6,33.6,33.21,33.37,715304,SZC,79
2023-12-21,33.13,33.29,32.9,33.21,746041,SZC,79
2023-12-22,33.44,34.49,33.44,33.99,2121026,SZC,79
2023-12-25,34.22,34.38,33.99,34.22,930659,SZC,79
2023-12-26,34.1,35.66,34.1,35.08,2887513,SZC,79
2023-12-27,35.35,35.54,34.69,34.69,1333746,SZC,79
2023-12-28,34.69,35.08,33.91,34.26,1536571,SZC,79
2023-12-29,34.3,35.15,34.07,34.69,1795657,SZC,79
2024-01-02,35.0,35.0,33.44,33.44,2705600,SZC,79
2024-01-03,33.48,33.75,33.17,33.25,3369393,SZC,79
2024-01-04,33.44,33.91,33.37,33.6,3478682,SZC,79
2024-01-05,35.05,35.33,34.67,34.67,1794673,SZC,79
2024-01-08,34.77,34.96,34.58,34.58,928671,SZC,79
2024-01-09,34.58,35.05,34.58,34.62,854766,SZC,79
2024-01-10,34.67,34.72,33.63,33.72,2053101,SZC,79
2024-01-11,33.72,33.91,33.53,33.68,730690,SZC,79
2024-01-12,33.49,34.1,33.11,33.25,996617,SZC,79
2024-01-15,33.3,33.49,32.87,32.87,511554,SZC,79
2024-01-16,32.97,34.01,32.45,34.01,912902,SZC,79
2024-01-17,34.1,34.34,33.77,34.06,1009732,SZC,79
2024-01-18,34.25,34.53,34.06,34.43,1127651,SZC,79
2024-01-19,34.77,36.38,34.58,35.38,3516766,SZC,79
2024-01-22,35.52,35.76,34.62,34.86,1136695,SZC,79
2024-01-23,34.91,35.43,34.67,34.72,1058684,SZC,79
2024-01-24,34.77,34.81,34.48,34.58,1063167,SZC,79
2024-01-25,34.58,35.0,34.43,34.58,554756,SZC,79
2024-01-26,34.81,36.47,34.67,36.47,3792710,SZC,79
2024-01-29,36.47,37.7,36.47,36.47,1805752,SZC,79
2024-01-30,36.57,37.61,36.19,37.61,2391353,SZC,79
2024-01-31,37.8,37.8,36.95,36.95,2154161,SZC,79
2024-02-01,36.66,39.5,36.66,39.5,3489550,SZC,79
2024-02-02,39.79,39.98,39.31,39.6,1324815,SZC,79
2024-02-05,39.69,40.31,39.12,39.6,1110787,SZC,79
2024-02-06,39.98,41.11,39.74,40.31,1020636,SZC,79
2024-02-07,40.31,40.45,39.88,40.12,1256647,SZC,79
2024-02-15,40.36,40.36,37.32,39.22,3618263,SZC,79
2024-02-16,39.22,41.87,38.98,39.74,2079123,SZC,79
2024-02-19,39.79,40.17,39.12,39.55,1479038,SZC,79
2024-02-20,39.6,39.6,39.03,39.22,1382030,SZC,79
2024-02-21,39.12,40.07,39.12,39.79,1381280,SZC,79
2024-02-22,39.83,40.69,39.69,40.21,2101628,SZC,79
2024-02-23,40.45,40.54,38.93,39.03,2186254,SZC,79
2024-02-26,38.93,39.64,38.84,39.64,1560548,SZC,79
2024-02-27,39.88,41.73,39.6,41.59,3555181,SZC,79
2024-02-28,41.59,41.59,40.59,40.88,1764836,SZC,79
2024-02-29,40.97,41.26,39.93,40.88,2094000,SZC,79
2024-03-01,40.88,42.2,40.17,41.26,2611483,SZC,79
2024-03-04,41.3,41.78,41.21,41.4,1813513,SZC,79
2024-03-05,41.44,41.68,40.83,41.4,1623505,SZC,79
2024-03-06,41.54,41.54,40.45,40.64,1473049,SZC,79
2024-03-07,40.54,41.02,40.26,40.5,1304623,SZC,79
2024-03-08,40.69,42.3,40.45,40.83,3316736,SZC,79
2024-03-11,41.3,42.06,40.5,40.92,1593044,SZC,79
2024-03-12,41.3,43.1,40.83,42.53,3835227,SZC,79
2024-03-13,43.58,43.58,42.72,42.91,1436001,SZC,79
2024-03-14,43.01,44.05,42.11,42.63,2243970,SZC,79
2024-03-15,42.44,42.63,41.73,42.63,2592889,SZC,79
2024-03-18,42.58,42.58,39.64,39.98,3896580,SZC,79
2024-03-19,40.26,40.45,39.64,40.21,1409570,SZC,79
2024-03-20,40.17,41.21,39.83,40.88,1099459,SZC,79
2024-03-21,41.3,41.3,40.78,41.21,1367451,SZC,79
2024-03-22,41.07,41.59,40.88,41.02,1755028,SZC,79
2024-03-25,41.02,41.16,39.98,40.31,2001797,SZC,79
2024-03-26,40.31,41.16,40.31,41.07,868228,SZC,79
2024-03-27,41.3,41.3,40.78,40.97,848606,SZC,79
2024-03-28,41.21,41.21,40.64,40.78,1114992,SZC,79
2024-03-29,41.02,42.58,40.83,41.68,2947381,SZC,79
2024-04-01,41.68,42.01,41.3,41.44,1058447,SZC,79
2024-04-02,41.3,41.97,40.83,41.97,1358743,SZC,79
2024-04-03,41.78,42.58,41.44,41.92,4382397,SZC,79
2024-04-04,41.59,41.92,40.97,41.07,1320298,SZC,79
2024-04-05,40.88,40.88,38.98,38.98,2618993,SZC,79
2024-04-08,38.98,39.31,37.99,37.99,2040108,SZC,79
2024-04-09,37.89,39.22,37.89,39.03,1292420,SZC,79
2024-04-10,39.03,39.17,38.6,38.75,642859,SZC,79
2024-04-11,38.18,38.75,37.8,38.37,1082714,SZC,79
2024-04-12,38.6,39.22,38.6,39.03,796275,SZC,79
2024-04-15,38.98,39.74,36.33,36.33,2042264,SZC,79
2024-04-16,36.09,36.52,35.43,36.47,1955830,SZC,79
2024-04-17,36.57,37.99,36.19,37.13,2431303,SZC,79
2024-04-19,37.04,37.8,36.33,37.18,1781087,SZC,79
2024-04-22,37.89,37.89,36.95,37.42,967504,SZC,79
2024-04-23,37.13,38.51,37.09,37.42,2169070,SZC,79
2024-04-24,38.15,39.85,38.0,38.73,1386673,SZC,79
2024-04-25,38.68,39.65,38.39,38.88,1336766,SZC,79
2024-04-26,38.39,39.22,38.34,39.07,1249115,SZC,79
2024-05-02,39.12,40.33,38.78,39.85,1492113,SZC,79
2024-05-03,40.14,40.14,39.26,39.75,1293755,SZC,79
2024-05-06,39.95,40.92,39.75,40.48,2149231,SZC,79
2024-05-07,40.48,40.92,40.14,40.92,1334078,SZC,79
2024-05-08,40.33,41.16,39.85,40.82,1811900,SZC,79
2024-05-09,40.82,41.6,40.48,40.67,1809856,SZC,79
2024-05-10,40.72,40.77,40.04,40.58,1248744,SZC,79
2024-05-13,40.63,41.06,40.04,40.53,1277851,SZC,79
2024-05-14,40.82,42.42,40.53,41.79,3502882,SZC,79
2024-05-15,41.89,41.99,41.55,41.84,1256311,SZC,79
2024-05-16,42.57,42.57,41.5,41.6,2034275,SZC,79
2024-05-17,41.6,42.57,41.26,42.03,1985455,SZC,79
2024-05-20,42.08,43.2,42.03,42.47,2423902,SZC,79
2024-05-21,42.37,42.42,41.65,42.28,1532651,SZC,79
2024-05-22,42.76,42.76,41.06,41.16,2261051,SZC,79
2024-05-23,41.11,41.74,40.72,41.69,1844668,SZC,79
2024-05-24,41.31,42.18,40.33,41.11,2384266,SZC,79
2024-05-27,41.21,41.65,40.87,41.26,750105,SZC,79
2024-05-28,41.6,44.12,41.26,44.12,4939735,SZC,79
2024-05-29,44.22,44.51,43.06,43.35,2058743,SZC,79
2024-05-30,42.67,43.01,41.4,42.28,5539363,SZC,79
2024-05-31,42.28,42.37,41.31,41.31,2863498,SZC,79
2024-06-03,41.6,41.94,41.45,41.6,2097219,SZC,79
2024-06-04,41.79,42.28,41.5,41.6,2097317,SZC,79
2024-06-05,42.08,42.57,41.6,41.6,2812779,SZC,79
2024-06-06,41.65,41.74,40.82,41.06,2103411,SZC,79
2024-06-07,41.31,41.5,40.77,40.97,1818089,SZC,79
2024-06-10,41.01,41.65,40.97,41.26,1367584,SZC,79
2024-06-11,41.26,41.65,41.21,41.5,1834198,SZC,79
2024-06-12,41.65,42.08,41.65,41.79,1826738,SZC,79
2024-06-13,42.08,42.08,41.79,41.94,1424623,SZC,79
2024-06-14,42.08,42.52,40.82,40.82,2904315,SZC,79
2024-06-17,40.97,41.21,40.63,40.63,1729762,SZC,79
2024-06-18,40.82,41.01,40.63,40.67,835262,SZC,79
2024-06-19,40.77,40.92,40.63,40.63,1404414,SZC,79
2024-06-20,40.77,41.26,40.33,41.06,1488796,SZC,79
2024-06-21,41.26,42.03,41.01,41.69,1984605,SZC,79
2024-06-24,41.6,42.08,38.88,38.88,2954824,SZC,79
2024-06-25,39.02,39.46,37.95,38.73,1560780,SZC,79
2024-06-26,38.83,38.83,37.95,38.68,1203658,SZC,79
2024-06-27,38.68,39.56,38.54,39.26,987316,SZC,79
2024-06-28,39.26,39.36,37.27,37.66,1391576,SZC,79
2024-07-01,37.52,38.15,37.52,37.9,578979,SZC,79
2024-07-02,38.2,39.36,38.1,39.36,1327256,SZC,79
2024-07-03,38.88,39.36,38.83,39.02,734279,SZC,79
2024-07-04,39.02,39.12,38.49,38.73,809657,SZC,79
2024-07-05,38.73,38.83,38.2,38.29,1135025,SZC,79
2024-07-08,38.39,39.75,38.39,39.75,1621635,SZC,79
2024-07-09,39.7,40.09,39.46,39.75,876081,SZC,79
2024-07-10,39.75,39.85,39.22,39.22,1040005,SZC,79
2024-07-11,39.56,39.75,39.22,39.22,781361,SZC,79
2024-07-12,39.41,39.51,38.68,38.92,583002,SZC,79
2024-07-15,38.92,39.26,38.49,38.63,713450,SZC,79
2024-07-16,38.83,39.56,38.63,38.63,843627,SZC,79
2024-07-17,39.07,39.07,36.45,37.56,1305703,SZC,79
2024-07-18,37.71,38.1,37.37,38.1,933507,SZC,79
2024-07-19,38.1,38.34,37.22,37.56,749381,SZC,79
2024-07-22,37.56,37.71,36.15,36.35,1331475,SZC,79
2024-07-23,36.93,36.93,35.57,35.57,1119905,SZC,79
2024-07-24,35.57,37.13,34.94,36.64,1478317,SZC,79
2024-07-25,36.45,36.59,36.11,36.59,757321,SZC,79
2024-07-26,36.93,37.42,36.88,37.42,1005130,SZC,79
2024-07-29,37.9,37.9,37.52,37.71,623452,SZC,79
2024-07-30,37.71,38.1,37.03,37.22,762900,SZC,79
2024-07-31,37.13,37.42,36.88,37.37,563788,SZC,79
2024-08-01,37.37,37.37,35.47,35.57,1510104,SZC,79
2024-08-02,34.11,35.72,33.58,35.72,2282007,SZC,79
2024-08-05,34.7,34.99,33.24,33.24,1588588,SZC,79
2024-08-06,34.02,34.65,33.09,33.97,1081586,SZC,79
2024-08-07,33.92,34.45,33.58,34.31,680486,SZC,79
2024-08-08,33.72,34.36,33.68,34.21,1303109,SZC,79
2024-08-09,34.31,34.75,34.31,34.65,941997,SZC,79
2024-08-12,34.41,34.99,34.41,34.94,803863,SZC,79
2024-08-13,34.94,35.43,34.65,34.99,950781,SZC,79
2024-08-14,34.84,35.47,34.65,34.7,857343,SZC,79
2024-08-15,34.7,34.7,34.21,34.7,789954,SZC,79
2024-08-16,34.94,36.84,34.75,36.74,2065687,SZC,79
2024-08-19,36.93,37.22,36.74,36.88,761876,SZC,79
2024-08-20,36.88,37.37,36.2,37.37,1753284,SZC,79
2024-08-21,37.37,37.37,36.93,37.13,941546,SZC,79
2024-08-22,37.18,37.42,36.64,36.93,1009743,SZC,79
2024-08-23,36.88,36.93,36.45,36.93,1001581,SZC,79
2024-08-26,36.98,37.37,36.54,36.54,1001142,SZC,79
2024-08-27,36.54,36.54,35.96,36.25,925471,SZC,79
2024-08-28,36.25,36.45,35.77,36.15,1159165,SZC,79
2024-08-29,36.25,36.35,35.91,35.96,671752,SZC,79
2024-08-30,36.11,36.2,35.91,36.06,812070,SZC,79
2024-09-04,35.86,35.91,35.57,35.91,602682,SZC,79
2024-09-05,35.86,36.35,35.57,35.77,714501,SZC,79
2024-09-06,35.62,36.15,35.13,35.28,801753,SZC,79
2024-09-09,35.33,35.33,34.6,34.94,1157376,SZC,79
2024-09-10,35.04,35.09,34.41,34.55,911026,SZC,79
2024-09-11,34.26,34.55,34.02,34.26,689496,SZC,79
2024-09-12,34.5,34.79,34.41,34.41,638005,SZC,79
2024-09-13,34.41,34.75,34.36,34.55,550130,SZC,79
2024-09-16,34.7,34.84,34.41,34.45,532483,SZC,79
2024-09-17,34.16,35.09,34.07,35.09,730627,SZC,79
2024-09-18,35.04,35.43,35.04,35.23,653420,SZC,79
2024-09-19,35.33,36.06,35.13,35.96,1328775,SZC,79
2024-09-20,36.11,36.25,35.72,35.77,872865,SZC,79
2024-09-23,35.96,35.96,35.38,35.47,628684,SZC,79
2024-09-24,35.67,36.88,35.43,36.64,2506620,SZC,79
2024-09-25,36.93,36.93,36.59,36.69,723449,SZC,79
2024-09-26,36.79,36.79,36.25,36.35,1417084,SZC,79
2024-09-27,36.45,36.79,36.15,36.25,1160844,SZC,79
2024-09-30,36.35,36.93,36.25,36.59,1041504,SZC,79
2024-10-01,36.64,37.13,36.54,36.59,1104811,SZC,79
2024-10-02,36.25,36.54,36.11,36.11,853971,SZC,79
2024-10-03,36.15,36.49,35.09,35.09,1686205,SZC,79
2024-10-04,35.23,35.38,35.09,35.09,545944,SZC,79
2024-10-07,35.57,35.77,35.09,35.18,451635,SZC,79
2024-10-08,35.18,35.57,35.13,35.28,713486,SZC,79
2024-10-09,35.62,36.49,35.62,36.49,2054035,SZC,79
2024-10-10,36.69,36.79,36.2,36.25,838097,SZC,79
2024-10-11,36.25,37.03,36.25,36.79,1878127,SZC,79
2024-10-14,37.03,37.18,36.64,36.88,1342112,SZC,79
2024-10-15,36.93,37.37,36.15,36.2,1609548,SZC,79
2024-10-16,36.15,36.74,36.06,36.69,933021,SZC,79
2024-10-17,36.69,36.69,35.91,36.59,1317375,SZC,79
2024-10-18,36.59,38.29,36.59,37.9,3753015,SZC,79
2024-10-21,37.9,37.9,37.52,37.71,895836,SZC,79
2024-10-22,37.61,38.24,36.74,37.32,2398462,SZC,79
2024-10-23,37.42,37.81,36.93,37.81,849281,SZC,79
2024-10-24,37.81,37.9,36.93,36.93,1331379,SZC,79
2024-10-25,37.03,37.61,36.93,37.27,1047325,SZC,79
2024-10-28,37.27,37.71,37.27,37.61,782756,SZC,79
2024-10-29,37.86,38.58,37.61,37.71,2549084,SZC,79
2024-10-30,37.81,38.1,37.52,38.1,1193605,SZC,79
2024-10-31,38.1,38.1,37.71,37.86,885525,SZC,79
2024-11-01,37.56,37.71,36.93,37.18,1874378,SZC,79
2024-11-04,37.08,37.56,36.64,37.22,789558,SZC,79
2024-11-05,37.22,37.86,37.22,37.52,1067546,SZC,79
2024-11-06,38.1,40.14,37.86,40.14,9173065,SZC,79
2024-11-07,40.53,40.77,40.04,40.29,2034435,SZC,79
2024-11-08,40.58,41.4,39.9,41.4,4434189,SZC,79
2024-11-11,41.6,41.69,40.72,41.45,3341287,SZC,79
2024-11-12,41.55,41.55,40.58,40.63,2631596,SZC,79
2024-11-13,40.33,41.31,40.19,41.16,2940484,SZC,79
2024-11-14,41.21,41.5,40.14,40.14,2998350,SZC,79
2024-11-15,40.09,42.28,40.09,41.06,4965488,SZC,79
2024-11-18,41.11,41.21,38.88,40.43,2951038,SZC,79
2024-11-19,40.19,40.33,37.9,38.0,3509644,SZC,79
2024-11-20,37.9,39.07,37.03,38.49,2780928,SZC,79
2024-11-21,38.49,38.78,38.2,38.78,1283612,SZC,79
2024-11-22,38.83,39.17,38.24,38.63,1649041,SZC,79
2024-11-25,38.78,39.02,38.49,39.02,857858,SZC,79
2024-11-26,39.26,39.75,39.12,39.6,1962210,SZC,79
2024-11-27,39.56,39.56,38.83,39.26,1425558,SZC,79
2024-11-28,39.51,39.65,39.02,39.31,1062361,SZC,79
2024-11-29,39.17,39.95,39.12,39.56,1910111,SZC,79
2024-12-02,39.75,40.63,39.51,40.38,2005309,SZC,79
2024-12-03,40.33,40.87,40.09,40.09,1757144,SZC,79
2024-12-04,39.95,40.48,39.36,40.04,1997763,SZC,79
2024-12-05,40.09,41.99,39.7,41.35,3156513,SZC,79
2024-12-06,41.45,42.57,41.16,41.65,2213246,SZC,79
2024-12-09,41.35,41.79,40.87,41.69,1154412,SZC,79
2024-12-10,41.5,43.01,41.45,42.18,2559156,SZC,79
2024-12-11,42.33,42.47,41.45,41.79,1277135,SZC,79
2024-12-12,41.84,42.57,41.35,41.35,1497025,SZC,79
2024-12-13,41.35,41.74,41.11,41.74,1484854,SZC,79
2024-12-16,42.08,42.67,41.69,42.03,1041697,SZC,79
2024-12-17,42.13,42.13,41.5,41.55,974260,SZC,79
2024-12-18,41.55,41.79,41.11,41.79,983145,SZC,79
2024-12-19,41.21,41.79,40.72,41.79,2218110,SZC,79
2024-12-20,41.65,41.79,41.26,41.5,1026914,SZC,79
2024-12-23,41.5,43.1,41.5,42.28,2618122,SZC,79
2024-12-24,42.37,42.67,41.65,42.28,1240524,SZC,79
2024-12-25,42.47,42.91,41.99,42.28,1759890,SZC,79
2024-12-26,42.47,42.47,41.79,41.79,1047809,SZC,79
2024-12-27,41.99,41.99,41.01,41.4,1830256,SZC,79
2024-12-30,41.21,41.26,40.53,40.53,1863913,SZC,79
2024-12-31,40.43,41.21,40.43,41.21,957378,SZC,79
2025-01-02,41.31,41.4,40.92,41.31,586366,SZC,79
2025-01-03,41.06,41.21,40.63,40.72,1489429,SZC,79
2025-01-06,40.58,41.21,39.36,40.14,1472708,SZC,79
2025-01-07,40.14,41.21,39.85,40.48,1646894,SZC,79
2025-01-08,40.48,40.92,40.43,40.92,841722,SZC,79
2025-01-09,41.06,41.6,40.82,40.82,1087851,SZC,79
2025-01-10,40.77,41.11,39.85,39.85,1559227,SZC,79
2025-01-13,39.46,39.85,38.68,39.8,1219458,SZC,79
2025-01-14,39.95,40.48,39.6,39.65,1352429,SZC,79
2025-01-15,39.95,40.29,39.6,40.24,1151081,SZC,79
2025-01-16,40.72,40.72,39.99,40.24,617502,SZC,79
2025-01-17,40.33,41.11,40.24,40.82,1311730,SZC,79
2025-01-20,41.16,41.16,40.82,41.11,915269,SZC,79
2025-01-21,41.11,41.31,40.67,40.72,1034848,SZC,79
2025-01-22,40.63,41.5,40.58,41.06,1382742,SZC,79
2025-01-23,41.21,41.69,40.97,41.5,1304068,SZC,79
2025-01-24,41.69,41.69,41.06,41.11,814357,SZC,79
2025-02-03,41.16,41.99,40.77,41.31,1563469,SZC,79
2025-02-04,41.35,42.47,41.21,42.47,2382152,SZC,79
2025-02-05,42.76,43.35,42.47,42.57,1742304,SZC,79
2025-02-06,42.57,42.72,41.94,42.28,1830493,SZC,79
2025-02-07,42.08,42.57,41.6,41.6,1633057,SZC,79
2025-02-10,41.5,42.18,41.31,41.55,1658912,SZC,79
2025-02-11,41.89,42.76,41.45,42.76,2527931,SZC,79
2025-02-12,43.25,44.22,42.37,42.37,4251396,SZC,79
2025-02-13,42.37,42.52,41.65,42.33,2392845,SZC,79
2025-02-14,42.37,43.06,41.65,41.65,4294851,SZC,79
2025-02-17,41.74,42.08,41.45,41.55,2609613,SZC,79
2025-02-18,41.45,41.89,41.45,41.79,1015268,SZC,79
2025-02-19,41.89,43.74,41.79,43.25,4886513,SZC,79
2025-02-20,43.25,43.4,42.72,42.76,1650577,SZC,79
2025-02-21,42.76,43.49,42.28,42.72,1725101,SZC,79
2025-02-24,42.86,43.25,42.13,43.25,2349417,SZC,79
2025-02-25,43.54,44.22,42.81,43.35,2279485,SZC,79
2025-02-26,43.4,45.87,43.4,44.51,6756619,SZC,79
2025-02-27,44.46,44.9,43.88,44.9,1703348,SZC,79
2025-02-28,44.8,44.8,44.22,44.32,1556573,SZC,79
2025-03-03,44.46,44.85,43.93,44.66,1389584,SZC,79
2025-03-04,44.71,45.34,43.74,44.61,2272995,SZC,79
2025-03-05,44.61,44.8,43.4,43.4,1801798,SZC,79
2025-03-06,43.74,44.46,43.3,44.46,2043625,SZC,79
2025-03-07,44.61,44.9,43.83,43.83,2064300,SZC,79
2025-03-10,43.93,44.9,43.54,44.03,2996158,SZC,79
2025-03-11,43.74,44.8,43.59,44.42,1854814,SZC,79
2025-03-12,44.56,44.85,43.93,44.66,1936612,SZC,79
2025-03-13,44.66,45.48,43.4,43.54,4909653,SZC,79
2025-03-14,43.54,43.83,42.37,43.54,2838259,SZC,79
2025-03-17,43.74,43.83,42.76,43.3,1618279,SZC,79
2025-03-18,43.83,44.12,43.06,43.06,1500932,SZC,79
2025-03-19,43.15,43.64,42.47,42.76,1838384,SZC,79
2025-03-20,43.06,43.06,42.42,43.01,1134375,SZC,79
2025-03-21,43.06,43.15,42.76,42.96,844574,SZC,79
2025-03-24,42.76,43.06,42.47,42.91,1324261,SZC,79
2025-03-25,43.15,43.44,43.01,43.15,1811524,SZC,79
2025-03-26,43.3,43.49,42.57,42.86,1363108,SZC,79
2025-03-27,42.62,43.06,42.52,42.52,939734,SZC,79
2025-03-28,42.62,42.62,40.67,40.67,4597635,SZC,79
2025-03-31,40.14,40.77,39.95,40.33,1514133,SZC,79
2025-04-01,40.63,40.72,40.09,40.29,759999,SZC,79
2025-04-02,40.48,41.06,40.33,40.63,1022569,SZC,79
2025-04-03,37.81,38.2,37.81,37.81,1577498,SZC,79
2025-04-10,32.56,32.56,31.59,32.56,2438174,SZC,79
2025-04-11,30.32,32.27,30.32,31.98,7295470,SZC,79
2025-04-14,34.21,34.21,31.98,32.17,3138637,SZC,79
2025-04-15,31.73,32.95,29.93,29.93,4776201,SZC,79
2025-04-16,29.93,30.61,28.19,28.77,2970840,SZC,79
2025-04-17,28.19,29.89,28.19,29.84,2199613,SZC,79
2025-04-18,30.18,30.52,29.93,30.13,2163661,SZC,79
2025-04-21,30.23,30.32,28.87,29.06,1754416,SZC,79
2025-04-22,28.67,28.87,27.07,27.21,3950564,SZC,79
2025-04-23,27.75,28.57,26.92,28.38,2728953,SZC,79
2025-04-24,28.96,30.32,28.67,29.5,2621980,SZC,79
2025-04-25,29.35,29.69,28.87,29.16,1649121,SZC,79
2025-04-28,29.45,29.5,28.57,28.77,1439140,SZC,79
2025-04-29,28.87,29.21,28.77,28.87,1023906,SZC,79
2025-05-05,29.25,30.42,28.96,30.32,2405010,SZC,79
2025-05-06,30.42,30.47,29.79,29.79,1888687,SZC,79
2025-05-07,29.84,30.42,29.79,30.18,2019126,SZC,79
2025-05-08,30.47,31.88,30.47,31.59,3839118,SZC,79
2025-05-09,31.64,31.64,30.91,31.0,1944708,SZC,79
2025-05-12,31.1,32.56,30.81,32.56,3342528,SZC,79
2025-05-13,33.58,33.58,32.7,32.8,3092139,SZC,79
2025-05-14,32.85,32.9,32.07,32.75,2987112,SZC,79
2025-05-15,33.04,33.04,32.12,32.8,2508709,SZC,79
2025-05-16,32.75,32.95,32.41,32.66,1486913,SZC,79
2025-05-19,32.46,32.56,31.68,32.02,1868387,SZC,79
2025-05-20,32.02,32.56,31.68,32.46,1848832,SZC,79
2025-05-21,32.56,32.56,31.73,31.88,1817466,SZC,79
2025-05-22,31.93,32.8,31.73,32.22,2106214,SZC,79
2025-05-23,32.22,32.41,31.68,32.07,1352023,SZC,79
2025-05-26,32.07,34.31,31.2,34.31,5111168,SZC,79
2025-05-27,34.79,34.79,34.07,34.41,2194469,SZC,79
2025-05-28,34.45,34.6,33.68,33.97,2938580,SZC,79
2025-05-29,34.5,35.18,34.02,34.26,3238453,SZC,79
2025-05-30,34.02,34.11,33.38,34.02,2017179,SZC,79
2025-06-02,33.53,34.26,33.29,33.92,2252983,SZC,79
2025-06-03,34.21,34.75,33.97,34.5,2541295,SZC,79
2025-06-04,34.65,34.79,33.92,34.21,2069010,SZC,79
2025-06-05,34.31,34.94,34.07,34.21,2612257,SZC,79
2025-06-06,34.5,34.5,33.24,33.29,2545907,SZC,79
2025-06-09,33.34,33.34,31.83,31.98,2523257,SZC,79
2025-06-10,31.78,32.22,31.59,31.73,1822751,SZC,79
2025-06-11,32.22,32.22,31.68,31.83,669599,SZC,79
2025-06-12,31.88,32.75,31.88,32.51,1414302,SZC,79
2025-06-13,32.07,32.17,30.86,31.59,2539836,SZC,79
2025-06-16,31.59,32.07,31.54,32.07,791665,SZC,79
2025-06-17,32.46,32.75,32.12,32.32,1124185,SZC,79
2025-06-18,32.27,32.46,31.83,31.98,1352602,SZC,79
2025-06-19,31.98,32.61,31.98,32.51,1661118,SZC,79
2025-06-20,32.61,32.66,32.17,32.27,1120090,SZC,79
2025-06-23,32.02,34.5,31.68,34.16,4967514,SZC,79
2025-06-24,34.5,35.38,34.11,34.36,4746553,SZC,79
2025-06-25,34.5,35.72,34.36,35.28,4565037,SZC,79
2025-06-26,35.43,36.84,35.28,36.79,4446343,SZC,79
2025-06-27,36.93,36.93,36.3,36.45,2148337,SZC,79
2025-06-30,36.45,37.61,36.45,37.27,2098954,SZC,79
2025-07-01,36.88,37.61,36.64,37.27,2573854,SZC,79
2025-07-02,37.03,38.92,37.03,37.9,3371938,SZC,79
2025-07-03,35.77,36.79,35.28,35.96,7955001,SZC,79
2025-07-04,35.86,36.25,35.28,36.25,2480391,SZC,79
2025-07-07,36.49,36.54,35.67,36.15,2472787,SZC,79
2025-07-08,37.08,37.42,36.15,36.54,3453010,SZC,79
2025-07-09,36.54,36.64,35.86,36.11,3189180,SZC,79
2025-07-10,36.15,36.2,35.62,35.72,2532931,SZC,79
2025-07-11,35.77,36.11,35.28,35.57,3030614,SZC,79
2025-07-14,35.72,36.74,35.28,36.59,3135148,SZC,79
2025-07-15,36.69,36.74,35.96,36.15,2450391,SZC,79
2025-07-16,36.06,36.06,35.72,35.72,2727471,SZC,79
2025-07-17,36.11,36.54,35.67,36.3,3478449,SZC,79
2025-07-18,36.45,37.52,36.4,36.98,5232492,SZC,79
2025-07-21,37.08,37.42,36.35,36.45,2373796,SZC,79
2025-07-22,36.45,36.49,35.77,36.3,3145871,SZC,79
2025-07-23,36.45,37.22,36.25,36.69,3165056,SZC,79
2025-07-24,37.18,37.81,36.64,37.37,4245225,SZC,79
2025-07-25,37.37,37.71,36.88,37.03,3637799,SZC,79
2025-07-28,37.32,38.2,37.03,38.1,4319060,SZC,79
2025-07-29,38.54,38.58,35.47,35.47,6463547,SZC,79
2025-07-30,35.91,36.01,34.36,35.13,2698138,SZC,79
2025-07-31,35.96,37.13,35.23,36.54,3986131,SZC,79
2025-08-01,36.45,36.45,35.47,35.57,1613972,SZC,79
2025-08-04,35.38,35.96,35.13,35.47,1500542,SZC,79
2025-08-05,35.77,36.74,34.7,35.28,3677231,SZC,79
2025-08-06,35.57,35.91,35.33,35.72,1404674,SZC,79
2025-08-07,36.59,37.22,36.25,36.45,3572314,SZC,79
2025-08-08,36.54,36.64,35.77,36.01,2361847,SZC,79
2025-08-11,36.11,37.52,36.11,37.08,4574906,SZC,79
2025-08-12,37.61,37.61,36.45,37.03,2831242,SZC,79
2025-08-13,37.42,39.31,37.32,38.63,7445089,SZC,79
2025-08-14,38.88,38.88,37.81,37.9,3129113,SZC,79
2025-08-15,38.0,38.0,36.54,36.74,3852881,SZC,79
2025-08-18,36.74,37.86,36.49,36.93,1829064,SZC,79
2025-08-19,37.52,37.86,36.98,37.32,2787407,SZC,79
2025-08-20,37.52,37.86,35.72,36.4,2777289,SZC,79
2025-08-21,36.93,37.42,35.77,35.81,3240438,SZC,79
2025-08-22,35.57,35.67,33.82,33.82,3576603,SZC,79
2025-08-25,34.75,34.75,33.14,33.14,1316666,SZC,79
2025-08-26,33.24,34.16,33.24,34.11,1380820,SZC,79
2025-08-27,34.21,34.84,34.16,34.45,1100072,SZC,79
2025-08-28,34.65,34.89,34.36,34.45,1051207,SZC,79
2025-08-29,34.5,34.6,34.16,34.21,1742954,SZC,79
2025-09-03,34.75,34.89,34.36,34.65,1405129,SZC,79
2025-09-04,35.1,35.6,34.85,34.85,1896226,SZC,79
2025-09-05,35.35,36.5,35.0,35.1,3531996,SZC,79
2025-09-08,35.3,35.9,34.6,34.6,1361569,SZC,79
2025-09-09,34.45,34.7,33.95,34.25,1910592,SZC,79
2025-09-10,34.5,34.5,33.95,34.1,801306,SZC,79
2025-09-11,33.95,34.15,33.05,33.8,1205960,SZC,79
2025-09-12,33.95,34.9,33.95,34.65,1132927,SZC,79
2025-09-15,34.65,35.4,34.65,35.4,1407220,SZC,79
2025-09-16,35.7,35.7,35.0,35.05,1039981,SZC,79
2025-09-17,35.05,35.35,34.5,34.5,796700,SZC,79
2025-09-18,34.65,34.9,33.9,34.05,989200,SZC,79
2025-09-19,34.2,34.6,34.0,34.0,602300,SZC,79
2025-09-22,33.9,34.5,33.9,34.4,1053900,SZC,79
2025-09-23,34.5,34.5,34.2,34.2,379000,SZC,79
2025-09-24,34.3,34.75,34.0,34.75,713300,SZC,79
2025-09-25,34.55,35.2,34.55,35.0,1080600,SZC,79
2025-09-26,35.25,35.7,35.0,35.0,1757000,SZC,79
2025-09-29,35.0,35.0,34.4,34.4,586900,SZC,79
2025-09-30,34.5,34.6,33.55,33.85,1092400,SZC,79
2025-10-01,34.0,34.6,34.0,34.5,597900,SZC,79
2025-10-02,34.55,34.6,33.9,34.0,645800,SZC,79
2025-10-03,34.0,34.0,33.0,33.0,825300,SZC,79
2025-10-06,33.45,33.9,33.3,33.7,409300,SZC,79
2025-10-07,33.6,33.8,33.1,33.2,962300,SZC,79
2025-10-08,33.5,33.9,33.1,33.4,427500,SZC,79
2025-10-09,33.25,33.6,33.25,33.45,816300,SZC,79
2025-10-10,33.65,33.95,33.55,33.7,716100,SZC,79
2025-10-13,33.15,34.4,33.15,34.0,1092800,SZC,79
2025-10-14,34.0,34.2,33.1,33.1,1290100,SZC,79
2025-10-15,33.2,33.4,32.35,32.4,1083500,SZC,79
2025-10-16,32.2,32.8,32.2,32.5,765400,SZC,79
2025-10-17,32.4,33.15,32.4,32.5,488500,SZC,79
2025-10-20,32.1,32.4,30.25,30.25,1688200,SZC,79
2025-10-21,29.9,30.2,28.9,29.8,1490600,SZC,79
2025-10-22,29.95,29.95,28.95,29.3,791600,SZC,79
2025-10-23,29.3,30.2,29.3,29.8,557000,SZC,79
2025-10-24,29.7,29.8,29.35,29.6,406800,SZC,79
2025-10-27,30.2,31.45,30.0,30.0,856900,SZC,79
2025-10-28,30.0,30.3,29.75,30.25,434200,SZC,79
2025-10-29,30.25,31.55,30.25,31.0,906000,SZC,79
2025-10-30,31.1,31.35,30.75,31.0,551300,SZC,79
2025-10-31,30.8,31.5,30.8,31.2,838200,SZC,79
2025-11-03,31.3,31.5,30.9,30.9,748200,SZC,79
2025-11-04,30.9,31.1,29.8,30.85,859300,SZC,79
2025-11-05,30.85,31.2,30.5,30.85,370100,SZC,79
2025-11-06,31.15,32.0,31.15,31.3,930400,SZC,79
2025-11-07,31.0,31.25,30.2,30.3,398500,SZC,79
2025-11-10,30.4,30.8,30.05,30.05,324400,SZC,79
2025-11-11,30.1,30.4,30.1,30.2,239700,SZC,79
2025-11-12,30.65,30.85,30.25,30.6,219900,SZC,79
2025-11-13,30.7,32.4,30.7,32.0,1880400,SZC,79
2025-11-14,31.9,32.25,31.7,32.0,700000,SZC,79
2025-11-17,32.0,33.15,32.0,32.65,1436500,SZC,79
2025-11-18,32.65,32.95,32.3,32.45,629200,SZC,79
2025-11-19,32.45,32.75,32.0,32.1,566200,SZC,79
2025-11-20,32.55,33.8,31.9,32.45,819900,SZC,79
2025-11-21,32.45,32.55,31.85,31.9,473300,SZC,79
2025-11-24,31.95,32.5,31.65,31.65,264400,SZC,79
2025-11-25,31.25,32.3,30.95,31.0,682000,SZC,79
2025-11-26,31.2,31.45,31.0,31.4,327100,SZC,79
2025-11-27,31.7,31.85,31.35,31.35,344200,SZC,79
2025-11-28,31.4,31.5,30.9,30.9,405800,SZC,79
2025-12-01,30.9,31.15,30.75,30.75,312600,SZC,79
2025-12-02,30.6,30.9,30.2,30.75,456000,SZC,79
2025-12-03,31.0,31.35,30.6,31.25,435500,SZC,79
2025-12-04,31.25,31.5,31.2,31.4,265000,SZC,79
2025-12-05,31.5,31.5,30.9,30.95,246100,SZC,79
2025-12-08,31.0,31.0,30.3,30.35,328700,SZC,79
2025-12-09,30.6,30.6,30.0,30.3,400700,SZC,79
2025-12-10,30.35,30.6,30.2,30.3,168900,SZC,79
2025-12-11,30.35,30.6,30.2,30.2,156900,SZC,79
2025-12-12,30.2,30.2,29.0,29.0,476500,SZC,79
2025-12-15,29.1,29.9,29.1,29.2,197500,SZC,79
2025-12-16,29.75,30.1,29.0,29.95,392300,SZC,79
2025-12-17,30.0,30.0,29.55,29.55,129900,SZC,79
2025-12-18,29.5,29.7,29.5,29.55,88600,SZC,79
2025-12-19,29.55,29.8,29.45,29.55,132000,SZC,79
2025-12-22,29.7,29.9,29.3,29.9,346400,SZC,79
2025-12-23,29.9,30.2,29.85,29.9,363300,SZC,79
2025-12-24,29.9,29.9,29.5,29.75,210600,SZC,79
2025-12-25,29.8,29.85,29.4,29.4,252800,SZC,79
2025-12-26,29.65,29.65,28.3,28.9,513000,SZC,79
2025-12-29,29.0,29.0,28.7,28.7,366000,SZC,79
2025-12-30,28.8,28.95,28.8,28.95,286000,SZC,79
2025-12-31,29.2,29.45,29.05,29.15,448500,SZC,79
2026-01-05,29.35,29.35,29.0,29.1,444600,SZC,79
2026-01-06,29.15,30.3,29.0,29.6,703800,SZC,79
2026-01-07,30.0,30.6,29.7,30.25,866900,SZC,79
2026-01-08,30.5,30.5,29.8,29.85,970700,SZC,79
2026-01-09,30.2,30.85,29.8,30.3,967200,SZC,79
2026-01-12,30.3,31.05,30.1,30.85,941000,SZC,79
2026-01-13,30.9,31.65,30.8,31.6,1188000,SZC,79
2026-01-14,31.6,32.1,31.05,31.65,1465300,SZC,79
2026-01-15,31.65,32.2,31.45,31.45,1132300,SZC,79
2026-01-16,31.55,31.9,31.05,31.2,716400,SZC,79
2026-01-19,31.7,33.35,31.65,33.05,2645500,SZC,79
2026-01-20,33.35,33.4,32.55,32.55,976500,SZC,79
2026-01-21,32.55,32.95,31.05,31.2,1595000,SZC,79
2026-01-22,31.8,32.2,31.3,31.9,737300,SZC,79
2026-01-23,32.2,32.3,31.2,31.25,703400,SZC,79
2026-01-26,31.5,31.5,30.1,30.35,869700,SZC,79
2026-01-27,30.0,31.1,30.0,31.0,568700,SZC,79
2026-01-28,31.05,31.6,30.9,30.9,500800,SZC,79
2026-01-29,30.9,31.4,30.6,31.3,468600,SZC,79
2026-01-30,31.5,32.8,31.5,32.2,1475400,SZC,79
2026-02-02,32.8,32.9,32.1,32.8,893700,SZC,79
2026-02-03,33.1,35.05,32.8,35.05,4346200,SZC,79
2026-02-04,35.75,37.4,35.3,36.85,5555100,SZC,79
2026-02-05,36.65,37.35,36.15,36.9,2582800,SZC,79
2026-02-06,36.2,36.65,35.0,35.05,3483400,SZC,79
2026-02-09,34.9,35.3,34.0,34.2,1160400,SZC,79
2026-02-10,34.5,34.6,32.9,33.4,1930900,SZC,79
2026-02-11,33.75,34.25,33.5,33.95,1031700,SZC,79
2026-02-12,34.1,34.1,33.75,33.85,619100,SZC,79
2026-02-13,33.75,34.35,33.6,33.85,1010800,SZC,79
2026-02-23,34.4,35.1,34.3,34.65,1024200,SZC,79
2026-02-24,34.75,35.15,34.05,34.3,1459700,SZC,79
2026-02-25,34.3,36.15,34.3,35.65,2371900,SZC,79
2026-02-26,36.0,36.0,34.7,34.7,937400,SZC,79
2026-02-27,35.0,35.1,34.0,34.5,1055000,SZC,79
2026-03-02,33.5,35.45,32.85,34.5,3088400,SZC,79
2026-03-03,34.5,35.05,33.2,33.3,1219500,SZC,79
2026-03-04,33.0,33.4,31.2,32.15,2117800,SZC,79
2026-03-05,32.4,32.7,31.5,31.5,915600,SZC,79
2026-03-06,31.25,31.55,30.4,30.4,1165200,SZC,79
2026-03-09,28.3,29.0,28.3,28.3,831400,SZC,79
2026-03-10,28.3,29.0,28.1,28.5,1164400,SZC,79
2026-03-11,28.95,30.2,28.7,30.2,770000,SZC,79
2026-03-12,30.1,30.5,29.3,29.8,713600,SZC,79
2026-03-13,29.4,30.2,29.4,29.5,571400,SZC,79
2026-03-16,29.5,30.3,29.5,29.95,281700,SZC,79
2026-03-17,30.1,30.65,29.6,29.6,461100,SZC,79
2026-03-18,29.65,29.85,29.0,29.35,413400,SZC,79
2026-03-19,28.8,29.3,28.8,29.0,543100,SZC,79
2026-03-20,29.0,30.0,28.8,29.05,636500,SZC,79
2026-03-23,28.5,28.8,27.05,27.05,931000,SZC,79
2026-03-24,27.9,28.0,27.35,27.75,379400,SZC,79
2026-03-25,28.25,28.9,28.25,28.5,601800,SZC,79
2026-03-26,28.85,28.85,28.0,28.3,495800,SZC,79
2026-03-27,28.25,29.65,28.2,29.5,1197900,SZC,79
2026-03-30,28.8,29.85,28.6,29.25,864100,SZC,79
2026-03-31,29.5,29.55,29.1,29.15,419500,SZC,79
2026-04-01,29.5,29.9,29.15,29.15,651100,SZC,79
2026-04-02,29.2,29.4,28.4,28.65,554000,SZC,79
2026-04-03,28.65,28.9,28.1,28.15,496100,SZC,79
2026-04-06,28.2,28.25,27.4,27.4,600700,SZC,79
2026-04-07,27.4,27.9,27.4,27.65,241900,SZC,79
2026-04-08,29.0,29.0,28.15,28.65,982700,SZC,79
2026-04-09,28.7,29.5,28.45,28.75,1028500,SZC,79
2026-04-10,29.1,29.35,28.75,28.85,534000,SZC,79
2026-04-13,28.8,29.3,28.55,29.05,541600,SZC,79
2026-04-14,29.25,29.5,28.85,28.9,531800,SZC,79
2026-04-15,29.35,29.5,28.9,28.9,730900,SZC,79
2026-04-16,28.95,29.5,28.7,29.25,1028600,SZC,79
2026-04-17,29.45,29.95,29.05,29.1,896800,SZC,79
2026-04-20,29.05,29.35,28.8,29.0,441700,SZC,79
